,battingteam,bowlingteam,matchid,batsmanname,total_runs,duck,Sixes,Fours,balls,Fifties,hundreds,dreamll_score
337,Mumbai Indians,Royal Challengers Bangalore,1254058,KH Pandya,8,0,0.0,0.0,7,0,0,12.0
334,Mumbai Indians,Royal Challengers Bangalore,1254058,Ishan Kishan,29,0,1.0,2.0,20,0,0,37.0
333,Mumbai Indians,Royal Challengers Bangalore,1254058,HH Pandya,13,0,0.0,2.0,10,0,0,19.0
332,Mumbai Indians,Royal Challengers Bangalore,1254058,CA Lynn,50,0,3.0,4.0,35,1,0,72.0
601,Royal Challengers Bangalore,Mumbai Indians,1254058,Washington Sundar,16,0,0.0,0.0,15,0,0,20.0
600,Royal Challengers Bangalore,Mumbai Indians,1254058,V Kohli,34,0,0.0,4.0,29,0,0,42.0
599,Royal Challengers Bangalore,Mumbai Indians,1254058,S Ahmed,2,0,0.0,0.0,3,0,0,6.0
598,Royal Challengers Bangalore,Mumbai Indians,1254058,Rajat Patidar,9,0,0.0,1.0,8,0,0,14.0
597,Royal Challengers Bangalore,Mumbai Indians,1254058,M Siraj,1,0,0.0,0.0,1,0,0,5.0
596,Royal Challengers Bangalore,Mumbai Indians,1254058,Kyle Jamieson,4,0,0.0,0.0,4,0,0,8.0
595,Royal Challengers Bangalore,Mumbai Indians,1254058,HV Patel,4,0,0.0,0.0,3,0,0,8.0
594,Royal Challengers Bangalore,Mumbai Indians,1254058,GJ Maxwell,41,0,2.0,3.0,29,0,0,52.0
593,Royal Challengers Bangalore,Mumbai Indians,1254058,Dan Christian,1,0,0.0,0.0,3,0,0,5.0
592,Royal Challengers Bangalore,Mumbai Indians,1254058,AB de Villiers,48,0,2.0,4.0,27,0,0,60.0
335,Mumbai Indians,Royal Challengers Bangalore,1254058,JJ Bumrah,1,0,0.0,0.0,2,0,0,5.0
336,Mumbai Indians,Royal Challengers Bangalore,1254058,KA Pollard,7,0,0.0,1.0,9,0,0,12.0
339,Mumbai Indians,Royal Challengers Bangalore,1254058,RG Sharma,19,0,1.0,1.0,15,0,0,26.0
340,Mumbai Indians,Royal Challengers Bangalore,1254058,SA Yadav,32,0,1.0,4.0,23,0,0,42.0
338,Mumbai Indians,Royal Challengers Bangalore,1254058,Marco Jansen,0,1,0.0,0.0,2,0,0,2.0
83,Delhi Capitals,Chennai Super Kings,1254059,MP Stoinis,15,0,0.0,3.0,9,0,0,22.0
84,Delhi Capitals,Chennai Super Kings,1254059,PP Shaw,72,0,3.0,9.0,38,1,0,99.0
85,Delhi Capitals,Chennai Super Kings,1254059,RR Pant,16,0,0.0,2.0,13,0,0,22.0
86,Delhi Capitals,Chennai Super Kings,1254059,S Dhawan,87,0,2.0,10.0,54,1,0,113.0
7,Chennai Super Kings,Delhi Capitals,1254059,Suresh Raina,55,0,4.0,3.0,36,1,0,78.0
6,Chennai Super Kings,Delhi Capitals,1254059,SM Curran,35,0,2.0,4.0,16,0,0,47.0
5,Chennai Super Kings,Delhi Capitals,1254059,RA Jadeja,27,0,0.0,3.0,17,0,0,34.0
4,Chennai Super Kings,Delhi Capitals,1254059,MS Dhoni,0,1,0.0,0.0,2,0,0,2.0
3,Chennai Super Kings,Delhi Capitals,1254059,MM Ali,36,0,2.0,4.0,24,0,0,48.0
2,Chennai Super Kings,Delhi Capitals,1254059,F du Plessis,0,1,0.0,0.0,3,0,0,2.0
1,Chennai Super Kings,Delhi Capitals,1254059,AT Rayudu,28,0,1.0,2.0,16,0,0,36.0
0,Chennai Super Kings,Delhi Capitals,1254059,AS Raut,7,0,0.0,1.0,9,0,0,12.0
250,Kolkata Knight Riders,Sunrisers Hyderabad,1254060,Shakib Al Hasan,4,0,0.0,0.0,6,0,0,8.0
682,Sunrisers Hyderabad,Kolkata Knight Riders,1254060,WP Saha,7,0,1.0,0.0,6,0,0,13.0
249,Kolkata Knight Riders,Sunrisers Hyderabad,1254060,RA Tripathi,53,0,2.0,5.0,29,1,0,74.0
676,Sunrisers Hyderabad,Kolkata Knight Riders,1254060,A Samad,19,0,2.0,0.0,8,0,0,27.0
677,Sunrisers Hyderabad,Kolkata Knight Riders,1254060,DA Warner,3,0,0.0,0.0,4,0,0,7.0
678,Sunrisers Hyderabad,Kolkata Knight Riders,1254060,JM Bairstow,56,0,3.0,5.0,41,1,0,79.0
679,Sunrisers Hyderabad,Kolkata Knight Riders,1254060,M Nabi,17,0,0.0,2.0,11,0,0,23.0
680,Sunrisers Hyderabad,Kolkata Knight Riders,1254060,MK Pandey,63,0,3.0,2.0,46,1,0,83.0
681,Sunrisers Hyderabad,Kolkata Knight Riders,1254060,V Shankar,12,0,1.0,0.0,7,0,0,18.0
251,Kolkata Knight Riders,Sunrisers Hyderabad,1254060,Shubman Gill,15,0,1.0,1.0,13,0,0,22.0
248,Kolkata Knight Riders,Sunrisers Hyderabad,1254060,N Rana,80,0,4.0,9.0,56,1,0,109.0
247,Kolkata Knight Riders,Sunrisers Hyderabad,1254060,KD Karthik,23,0,1.0,2.0,9,0,0,31.0
246,Kolkata Knight Riders,Sunrisers Hyderabad,1254060,EJG Morgan,2,0,0.0,0.0,3,0,0,6.0
245,Kolkata Knight Riders,Sunrisers Hyderabad,1254060,AD Russell,10,0,0.0,1.0,6,0,0,15.0
412,Punjab Kings,Rajasthan Royals,1254061,Jhye Richardson,0,1,0.0,0.0,2,0,0,2.0
413,Punjab Kings,Rajasthan Royals,1254061,KL Rahul,94,0,5.0,7.0,50,1,0,123.0
410,Punjab Kings,Rajasthan Royals,1254061,CH Gayle,41,0,2.0,4.0,29,0,0,53.0
411,Punjab Kings,Rajasthan Royals,1254061,DJ Hooda,65,0,6.0,3.0,27,1,0,92.0
414,Punjab Kings,Rajasthan Royals,1254061,MA Agarwal,15,0,0.0,2.0,10,0,0,21.0
501,Rajasthan Royals,Punjab Kings,1254061,CH Morris,2,0,0.0,0.0,4,0,0,6.0
416,Punjab Kings,Rajasthan Royals,1254061,Shahrukh Khan,6,0,0.0,1.0,4,0,0,11.0
415,Punjab Kings,Rajasthan Royals,1254061,N Pooran,0,1,0.0,0.0,1,0,0,2.0
506,Rajasthan Royals,Punjab Kings,1254061,S Dube,23,0,0.0,3.0,15,0,0,30.0
505,Rajasthan Royals,Punjab Kings,1254061,R Tewatia,3,0,0.0,0.0,4,0,0,7.0
504,Rajasthan Royals,Punjab Kings,1254061,R Parag,26,0,3.0,1.0,12,0,0,37.0
507,Rajasthan Royals,Punjab Kings,1254061,SV Samson,124,0,7.0,12.0,64,1,1,178.0
503,Rajasthan Royals,Punjab Kings,1254061,M Vohra,13,0,1.0,1.0,9,0,0,20.0
502,Rajasthan Royals,Punjab Kings,1254061,JC Buttler,26,0,0.0,5.0,13,0,0,35.0
500,Rajasthan Royals,Punjab Kings,1254061,BA Stokes,0,1,0.0,0.0,3,0,0,2.0
198,Kolkata Knight Riders,Mumbai Indians,1254062,Harbhajan Singh,2,0,0.0,0.0,2,0,0,6.0
299,Mumbai Indians,Kolkata Knight Riders,1254062,KA Pollard,5,0,0.0,1.0,8,0,0,10.0
200,Kolkata Knight Riders,Mumbai Indians,1254062,N Rana,64,0,2.0,7.0,48,1,0,87.0
201,Kolkata Knight Riders,Mumbai Indians,1254062,PJ Cummins,0,1,0.0,0.0,1,0,0,2.0
202,Kolkata Knight Riders,Mumbai Indians,1254062,RA Tripathi,5,0,0.0,0.0,5,0,0,9.0
203,Kolkata Knight Riders,Mumbai Indians,1254062,Shakib Al Hasan,13,0,0.0,2.0,9,0,0,19.0
204,Kolkata Knight Riders,Mumbai Indians,1254062,Shubman Gill,33,0,1.0,5.0,24,0,0,44.0
296,Mumbai Indians,Kolkata Knight Riders,1254062,HH Pandya,15,0,0.0,2.0,17,0,0,21.0
297,Mumbai Indians,Kolkata Knight Riders,1254062,Ishan Kishan,1,0,0.0,0.0,3,0,0,5.0
199,Kolkata Knight Riders,Mumbai Indians,1254062,KD Karthik,8,0,0.0,0.0,11,0,0,12.0
300,Mumbai Indians,Kolkata Knight Riders,1254062,KH Pandya,19,0,0.0,4.0,9,0,0,27.0
298,Mumbai Indians,Kolkata Knight Riders,1254062,JJ Bumrah,0,1,0.0,0.0,1,0,0,2.0
302,Mumbai Indians,Kolkata Knight Riders,1254062,Q de Kock,2,0,0.0,0.0,6,0,0,6.0
197,Kolkata Knight Riders,Mumbai Indians,1254062,EJG Morgan,7,0,0.0,1.0,7,0,0,12.0
301,Mumbai Indians,Kolkata Knight Riders,1254062,Marco Jansen,1,0,0.0,0.0,2,0,0,5.0
196,Kolkata Knight Riders,Mumbai Indians,1254062,AD Russell,10,0,0.0,1.0,14,0,0,15.0
303,Mumbai Indians,Kolkata Knight Riders,1254062,RD Chahar,8,0,0.0,0.0,7,0,0,12.0
304,Mumbai Indians,Kolkata Knight Riders,1254062,RG Sharma,43,0,1.0,3.0,32,0,0,52.0
305,Mumbai Indians,Kolkata Knight Riders,1254062,SA Yadav,58,0,2.0,7.0,37,1,0,81.0
640,Royal Challengers Bangalore,Sunrisers Hyderabad,1254063,S Ahmed,15,0,1.0,0.0,10,0,0,21.0
739,Sunrisers Hyderabad,Royal Challengers Bangalore,1254063,V Shankar,3,0,0.0,0.0,5,0,0,7.0
635,Royal Challengers Bangalore,Sunrisers Hyderabad,1254063,AB de Villiers,1,0,0.0,0.0,5,0,0,5.0
636,Royal Challengers Bangalore,Sunrisers Hyderabad,1254063,Dan Christian,1,0,0.0,0.0,2,0,0,5.0
637,Royal Challengers Bangalore,Sunrisers Hyderabad,1254063,Devdutt Padikkal,13,0,0.0,2.0,13,0,0,19.0
638,Royal Challengers Bangalore,Sunrisers Hyderabad,1254063,GJ Maxwell,64,0,3.0,5.0,42,1,0,87.0
639,Royal Challengers Bangalore,Sunrisers Hyderabad,1254063,Kyle Jamieson,13,0,0.0,2.0,9,0,0,19.0
737,Sunrisers Hyderabad,Royal Challengers Bangalore,1254063,Rashid Khan,18,0,1.0,0.0,8,0,0,24.0
736,Sunrisers Hyderabad,Royal Challengers Bangalore,1254063,P Kumar,2,0,0.0,0.0,2,0,0,6.0
734,Sunrisers Hyderabad,Royal Challengers Bangalore,1254063,JO Holder,5,0,0.0,0.0,5,0,0,9.0
733,Sunrisers Hyderabad,Royal Challengers Bangalore,1254063,JM Bairstow,14,0,0.0,1.0,13,0,0,19.0
732,Sunrisers Hyderabad,Royal Challengers Bangalore,1254063,DA Warner,56,0,1.0,7.0,39,1,0,77.0
731,Sunrisers Hyderabad,Royal Challengers Bangalore,1254063,A Samad,0,1,0.0,0.0,2,0,0,2.0
642,Royal Challengers Bangalore,Sunrisers Hyderabad,1254063,Washington Sundar,8,0,0.0,1.0,11,0,0,13.0
641,Royal Challengers Bangalore,Sunrisers Hyderabad,1254063,V Kohli,34,0,0.0,4.0,29,0,0,42.0
738,Sunrisers Hyderabad,Royal Challengers Bangalore,1254063,S Nadeem,0,1,0.0,0.0,1,0,0,2.0
735,Sunrisers Hyderabad,Royal Challengers Bangalore,1254063,MK Pandey,40,0,2.0,2.0,39,0,0,50.0
740,Sunrisers Hyderabad,Royal Challengers Bangalore,1254063,WP Saha,5,0,0.0,1.0,9,0,0,10.0
133,Delhi Capitals,Rajasthan Royals,1254064,R Ashwin,8,0,0.0,1.0,4,0,0,13.0
130,Delhi Capitals,Rajasthan Royals,1254064,L Yadav,21,0,0.0,3.0,25,0,0,28.0
131,Delhi Capitals,Rajasthan Royals,1254064,MP Stoinis,0,1,0.0,0.0,5,0,0,2.0
132,Delhi Capitals,Rajasthan Royals,1254064,PP Shaw,2,0,0.0,0.0,5,0,0,6.0
134,Delhi Capitals,Rajasthan Royals,1254064,RR Pant,52,0,0.0,9.0,32,1,0,73.0
135,Delhi Capitals,Rajasthan Royals,1254064,S Dhawan,9,0,0.0,1.0,11,0,0,14.0
136,Delhi Capitals,Rajasthan Royals,1254064,TK Curran,21,0,0.0,2.0,16,0,0,27.0
127,Delhi Capitals,Rajasthan Royals,1254064,AM Rahane,10,0,0.0,1.0,9,0,0,15.0
129,Delhi Capitals,Rajasthan Royals,1254064,K Rabada,9,0,0.0,1.0,4,0,0,14.0
471,Rajasthan Royals,Delhi Capitals,1254064,CH Morris,36,0,4.0,0.0,18,0,0,48.0
473,Rajasthan Royals,Delhi Capitals,1254064,JC Buttler,3,0,0.0,0.0,7,0,0,7.0
474,Rajasthan Royals,Delhi Capitals,1254064,JD Unadkat,11,0,1.0,0.0,7,0,0,17.0
475,Rajasthan Royals,Delhi Capitals,1254064,M Vohra,10,0,0.0,2.0,11,0,0,16.0
476,Rajasthan Royals,Delhi Capitals,1254064,R Parag,2,0,0.0,0.0,5,0,0,6.0
477,Rajasthan Royals,Delhi Capitals,1254064,R Tewatia,20,0,0.0,2.0,18,0,0,26.0
478,Rajasthan Royals,Delhi Capitals,1254064,S Dube,2,0,0.0,0.0,7,0,0,6.0
479,Rajasthan Royals,Delhi Capitals,1254064,SV Samson,4,0,0.0,1.0,3,0,0,9.0
472,Rajasthan Royals,Delhi Capitals,1254064,DA Miller,62,0,2.0,7.0,43,1,0,85.0
128,Delhi Capitals,Rajasthan Royals,1254064,Chris Woakes,15,0,0.0,2.0,11,0,0,21.0
359,Punjab Kings,Chennai Super Kings,1254065,CH Gayle,10,0,0.0,2.0,10,0,0,16.0
40,Chennai Super Kings,Punjab Kings,1254065,F du Plessis,41,0,1.0,5.0,33,0,0,52.0
38,Chennai Super Kings,Punjab Kings,1254065,AS Raut,5,0,0.0,0.0,16,0,0,9.0
360,Punjab Kings,Chennai Super Kings,1254065,DJ Hooda,11,0,0.0,1.0,16,0,0,16.0
361,Punjab Kings,Chennai Super Kings,1254065,Jhye Richardson,16,0,0.0,2.0,23,0,0,22.0
39,Chennai Super Kings,Punjab Kings,1254065,AT Rayudu,0,1,0.0,0.0,1,0,0,2.0
363,Punjab Kings,Chennai Super Kings,1254065,M Ashwin,6,0,0.0,0.0,14,0,0,10.0
364,Punjab Kings,Chennai Super Kings,1254065,MA Agarwal,0,1,0.0,0.0,2,0,0,2.0
362,Punjab Kings,Chennai Super Kings,1254065,KL Rahul,5,0,0.0,1.0,7,0,0,10.0
41,Chennai Super Kings,Punjab Kings,1254065,MM Ali,47,0,1.0,7.0,32,0,0,60.0
42,Chennai Super Kings,Punjab Kings,1254065,SM Curran,5,0,0.0,1.0,4,0,0,10.0
365,Punjab Kings,Chennai Super Kings,1254065,Mohammed Shami,9,0,0.0,0.0,12,0,0,13.0
366,Punjab Kings,Chennai Super Kings,1254065,N Pooran,0,1,0.0,0.0,2,0,0,2.0
367,Punjab Kings,Chennai Super Kings,1254065,Shahrukh Khan,49,0,2.0,4.0,38,0,0,61.0
43,Chennai Super Kings,Punjab Kings,1254065,Suresh Raina,9,0,0.0,1.0,10,0,0,14.0
701,Sunrisers Hyderabad,Mumbai Indians,1254066,Rashid Khan,0,1,0.0,0.0,1,0,0,2.0
698,Sunrisers Hyderabad,Mumbai Indians,1254066,MK Pandey,2,0,0.0,0.0,7,0,0,6.0
699,Sunrisers Hyderabad,Mumbai Indians,1254066,Mujeeb Ur Rahman,1,0,0.0,0.0,1,0,0,5.0
702,Sunrisers Hyderabad,Mumbai Indians,1254066,V Pratap Singh,11,0,0.0,1.0,12,0,0,16.0
693,Sunrisers Hyderabad,Mumbai Indians,1254066,A Samad,7,0,0.0,1.0,8,0,0,12.0
694,Sunrisers Hyderabad,Mumbai Indians,1254066,Abhishek Sharma,2,0,0.0,0.0,4,0,0,6.0
695,Sunrisers Hyderabad,Mumbai Indians,1254066,DA Warner,38,0,2.0,2.0,34,0,0,48.0
700,Sunrisers Hyderabad,Mumbai Indians,1254066,P Kumar,1,0,0.0,0.0,2,0,0,5.0
703,Sunrisers Hyderabad,Mumbai Indians,1254066,V Shankar,30,0,2.0,0.0,25,0,0,38.0
697,Sunrisers Hyderabad,Mumbai Indians,1254066,KK Ahmed,1,0,0.0,0.0,2,0,0,5.0
358,Mumbai Indians,Sunrisers Hyderabad,1254066,SA Yadav,10,0,1.0,1.0,6,0,0,17.0
353,Mumbai Indians,Sunrisers Hyderabad,1254066,Ishan Kishan,13,0,0.0,0.0,21,0,0,17.0
354,Mumbai Indians,Sunrisers Hyderabad,1254066,KA Pollard,37,0,3.0,1.0,22,0,0,48.0
355,Mumbai Indians,Sunrisers Hyderabad,1254066,KH Pandya,3,0,0.0,0.0,3,0,0,7.0
357,Mumbai Indians,Sunrisers Hyderabad,1254066,RG Sharma,37,0,2.0,3.0,25,0,0,48.0
356,Mumbai Indians,Sunrisers Hyderabad,1254066,Q de Kock,42,0,0.0,5.0,39,0,0,51.0
696,Sunrisers Hyderabad,Mumbai Indians,1254066,JM Bairstow,44,0,4.0,3.0,22,0,0,59.0
352,Mumbai Indians,Sunrisers Hyderabad,1254066,HH Pandya,8,0,0.0,1.0,6,0,0,13.0
575,Royal Challengers Bangalore,Kolkata Knight Riders,1254067,AB de Villiers,78,0,3.0,9.0,34,1,0,105.0
233,Kolkata Knight Riders,Royal Challengers Bangalore,1254067,AD Russell,32,0,2.0,3.0,20,0,0,43.0
234,Kolkata Knight Riders,Royal Challengers Bangalore,1254067,EJG Morgan,31,0,2.0,1.0,24,0,0,40.0
235,Kolkata Knight Riders,Royal Challengers Bangalore,1254067,Harbhajan Singh,2,0,0.0,0.0,2,0,0,6.0
236,Kolkata Knight Riders,Royal Challengers Bangalore,1254067,KD Karthik,2,0,0.0,0.0,5,0,0,6.0
237,Kolkata Knight Riders,Royal Challengers Bangalore,1254067,N Rana,18,0,1.0,2.0,11,0,0,26.0
238,Kolkata Knight Riders,Royal Challengers Bangalore,1254067,PJ Cummins,6,0,1.0,0.0,2,0,0,12.0
240,Kolkata Knight Riders,Royal Challengers Bangalore,1254067,Shakib Al Hasan,26,0,1.0,1.0,25,0,0,33.0
241,Kolkata Knight Riders,Royal Challengers Bangalore,1254067,Shubman Gill,22,0,2.0,2.0,10,0,0,32.0
242,Kolkata Knight Riders,Royal Challengers Bangalore,1254067,Varun Chakravarthy,2,0,0.0,0.0,3,0,0,6.0
580,Royal Challengers Bangalore,Kolkata Knight Riders,1254067,V Kohli,6,0,0.0,1.0,5,0,0,11.0
579,Royal Challengers Bangalore,Kolkata Knight Riders,1254067,Rajat Patidar,1,0,0.0,0.0,2,0,0,5.0
578,Royal Challengers Bangalore,Kolkata Knight Riders,1254067,Kyle Jamieson,11,0,1.0,1.0,4,0,0,18.0
576,Royal Challengers Bangalore,Kolkata Knight Riders,1254067,Devdutt Padikkal,27,0,0.0,2.0,28,0,0,33.0
239,Kolkata Knight Riders,Royal Challengers Bangalore,1254067,RA Tripathi,25,0,0.0,5.0,20,0,0,34.0
577,Royal Challengers Bangalore,Kolkata Knight Riders,1254067,GJ Maxwell,81,0,3.0,9.0,50,1,0,108.0
371,Punjab Kings,Delhi Capitals,1254068,MA Agarwal,71,0,4.0,6.0,35,1,0,97.0
369,Punjab Kings,Delhi Capitals,1254068,DJ Hooda,24,0,2.0,0.0,13,0,0,32.0
368,Punjab Kings,Delhi Capitals,1254068,CH Gayle,11,0,1.0,0.0,9,0,0,17.0
372,Punjab Kings,Delhi Capitals,1254068,N Pooran,9,0,0.0,1.0,8,0,0,14.0
373,Punjab Kings,Delhi Capitals,1254068,Shahrukh Khan,15,0,1.0,2.0,5,0,0,23.0
370,Punjab Kings,Delhi Capitals,1254068,KL Rahul,65,0,2.0,8.0,51,1,0,89.0
121,Delhi Capitals,Punjab Kings,1254068,SPD Smith,10,0,0.0,0.0,12,0,0,14.0
116,Delhi Capitals,Punjab Kings,1254068,L Yadav,13,0,0.0,1.0,6,0,0,18.0
117,Delhi Capitals,Punjab Kings,1254068,MP Stoinis,28,0,1.0,3.0,12,0,0,37.0
118,Delhi Capitals,Punjab Kings,1254068,PP Shaw,32,0,2.0,3.0,17,0,0,43.0
119,Delhi Capitals,Punjab Kings,1254068,RR Pant,17,0,1.0,0.0,16,0,0,23.0
120,Delhi Capitals,Punjab Kings,1254068,S Dhawan,98,0,2.0,13.0,49,1,0,127.0
461,Rajasthan Royals,Chennai Super Kings,1254069,Mustafizur Rahman,0,1,0.0,0.0,4,0,0,2.0
460,Rajasthan Royals,Chennai Super Kings,1254069,M Vohra,14,0,1.0,1.0,11,0,0,21.0
459,Rajasthan Royals,Chennai Super Kings,1254069,JD Unadkat,28,0,1.0,2.0,18,0,0,36.0
462,Rajasthan Royals,Chennai Super Kings,1254069,R Parag,3,0,0.0,0.0,7,0,0,7.0
49,Chennai Super Kings,Rajasthan Royals,1254069,MS Dhoni,18,0,0.0,2.0,17,0,0,24.0
457,Rajasthan Royals,Chennai Super Kings,1254069,DA Miller,3,0,0.0,0.0,5,0,0,7.0
456,Rajasthan Royals,Chennai Super Kings,1254069,CH Morris,0,1,0.0,0.0,2,0,0,2.0
48,Chennai Super Kings,Rajasthan Royals,1254069,MM Ali,32,0,2.0,2.0,21,0,0,42.0
47,Chennai Super Kings,Rajasthan Royals,1254069,F du Plessis,33,0,2.0,4.0,17,0,0,45.0
46,Chennai Super Kings,Rajasthan Royals,1254069,DJ Bravo,22,0,1.0,2.0,8,0,0,30.0
45,Chennai Super Kings,Rajasthan Royals,1254069,AT Rayudu,29,0,3.0,0.0,17,0,0,39.0
44,Chennai Super Kings,Rajasthan Royals,1254069,AS Raut,10,0,0.0,1.0,13,0,0,15.0
50,Chennai Super Kings,Rajasthan Royals,1254069,RA Jadeja,9,0,0.0,1.0,7,0,0,14.0
458,Rajasthan Royals,Chennai Super Kings,1254069,JC Buttler,52,0,1.0,5.0,35,1,0,71.0
463,Rajasthan Royals,Chennai Super Kings,1254069,R Tewatia,21,0,2.0,0.0,15,0,0,29.0
51,Chennai Super Kings,Rajasthan Royals,1254069,SM Curran,13,0,1.0,0.0,6,0,0,19.0
465,Rajasthan Royals,Chennai Super Kings,1254069,SV Samson,1,0,0.0,0.0,5,0,0,5.0
52,Chennai Super Kings,Rajasthan Royals,1254069,SN Thakur,2,0,0.0,0.0,1,0,0,6.0
53,Chennai Super Kings,Rajasthan Royals,1254069,Suresh Raina,20,0,1.0,1.0,17,0,0,27.0
464,Rajasthan Royals,Chennai Super Kings,1254069,S Dube,21,0,0.0,2.0,22,0,0,27.0
276,Mumbai Indians,Delhi Capitals,1254070,HH Pandya,0,1,0.0,0.0,1,0,0,2.0
285,Mumbai Indians,Delhi Capitals,1254070,TA Boult,1,0,0.0,0.0,1,0,0,5.0
284,Mumbai Indians,Delhi Capitals,1254070,SA Yadav,24,0,0.0,4.0,15,0,0,32.0
283,Mumbai Indians,Delhi Capitals,1254070,RG Sharma,48,0,3.0,4.0,30,0,0,62.0
282,Mumbai Indians,Delhi Capitals,1254070,RD Chahar,6,0,0.0,1.0,6,0,0,11.0
281,Mumbai Indians,Delhi Capitals,1254070,Q de Kock,3,0,0.0,0.0,4,0,0,7.0
280,Mumbai Indians,Delhi Capitals,1254070,KH Pandya,1,0,0.0,0.0,5,0,0,5.0
279,Mumbai Indians,Delhi Capitals,1254070,KA Pollard,2,0,0.0,0.0,5,0,0,6.0
278,Mumbai Indians,Delhi Capitals,1254070,JJ Bumrah,3,0,0.0,0.0,3,0,0,7.0
277,Mumbai Indians,Delhi Capitals,1254070,Ishan Kishan,26,0,1.0,1.0,28,0,0,33.0
107,Delhi Capitals,Mumbai Indians,1254070,SPD Smith,35,0,0.0,4.0,29,0,0,43.0
275,Mumbai Indians,Delhi Capitals,1254070,AS Yadav,23,0,0.0,1.0,22,0,0,28.0
103,Delhi Capitals,Mumbai Indians,1254070,PP Shaw,7,0,0.0,1.0,5,0,0,12.0
102,Delhi Capitals,Mumbai Indians,1254070,L Yadav,26,0,0.0,1.0,26,0,0,31.0
104,Delhi Capitals,Mumbai Indians,1254070,RR Pant,8,0,0.0,1.0,9,0,0,13.0
105,Delhi Capitals,Mumbai Indians,1254070,S Dhawan,47,0,1.0,5.0,42,0,0,58.0
106,Delhi Capitals,Mumbai Indians,1254070,SO Hetmyer,15,0,0.0,2.0,8,0,0,21.0
704,Sunrisers Hyderabad,Punjab Kings,1254071,DA Warner,40,0,1.0,3.0,38,0,0,49.0
705,Sunrisers Hyderabad,Punjab Kings,1254071,JM Bairstow,64,0,3.0,3.0,57,1,0,85.0
706,Sunrisers Hyderabad,Punjab Kings,1254071,KS Williamson,17,0,0.0,0.0,20,0,0,21.0
444,Punjab Kings,Sunrisers Hyderabad,1254071,MA Agarwal,22,0,0.0,2.0,25,0,0,28.0
447,Punjab Kings,Sunrisers Hyderabad,1254071,Shahrukh Khan,24,0,2.0,0.0,18,0,0,32.0
446,Punjab Kings,Sunrisers Hyderabad,1254071,Moises Henriques,18,0,0.0,1.0,17,0,0,23.0
443,Punjab Kings,Sunrisers Hyderabad,1254071,M Ashwin,9,0,0.0,1.0,10,0,0,14.0
440,Punjab Kings,Sunrisers Hyderabad,1254071,DJ Hooda,13,0,0.0,2.0,11,0,0,19.0
445,Punjab Kings,Sunrisers Hyderabad,1254071,Mohammed Shami,3,0,0.0,0.0,3,0,0,7.0
442,Punjab Kings,Sunrisers Hyderabad,1254071,KL Rahul,4,0,0.0,0.0,6,0,0,8.0
441,Punjab Kings,Sunrisers Hyderabad,1254071,F Allen,7,0,0.0,0.0,10,0,0,11.0
439,Punjab Kings,Sunrisers Hyderabad,1254071,CH Gayle,15,0,0.0,2.0,17,0,0,21.0
438,Punjab Kings,Sunrisers Hyderabad,1254071,Arshdeep Singh,5,0,0.0,1.0,2,0,0,10.0
169,Kolkata Knight Riders,Chennai Super Kings,1254072,SP Narine,4,0,0.0,1.0,3,0,0,9.0
168,Kolkata Knight Riders,Chennai Super Kings,1254072,RA Tripathi,8,0,0.0,1.0,9,0,0,13.0
167,Kolkata Knight Riders,Chennai Super Kings,1254072,PJ Cummins,74,0,6.0,5.0,34,1,0,103.0
166,Kolkata Knight Riders,Chennai Super Kings,1254072,N Rana,11,0,0.0,2.0,12,0,0,17.0
165,Kolkata Knight Riders,Chennai Super Kings,1254072,M Prasidh Krishna,0,1,0.0,0.0,1,0,0,2.0
170,Kolkata Knight Riders,Chennai Super Kings,1254072,Shubman Gill,0,1,0.0,0.0,1,0,0,2.0
8,Chennai Super Kings,Kolkata Knight Riders,1254072,AS Raut,66,0,4.0,6.0,40,1,0,92.0
9,Chennai Super Kings,Kolkata Knight Riders,1254072,F du Plessis,99,0,4.0,9.0,61,1,0,128.0
10,Chennai Super Kings,Kolkata Knight Riders,1254072,MM Ali,30,0,2.0,2.0,13,0,0,40.0
11,Chennai Super Kings,Kolkata Knight Riders,1254072,MS Dhoni,19,0,1.0,2.0,9,0,0,27.0
171,Kolkata Knight Riders,Chennai Super Kings,1254072,Varun Chakravarthy,0,1,0.0,0.0,1,0,0,2.0
161,Kolkata Knight Riders,Chennai Super Kings,1254072,AD Russell,57,0,6.0,3.0,21,1,0,84.0
162,Kolkata Knight Riders,Chennai Super Kings,1254072,EJG Morgan,8,0,0.0,1.0,8,0,0,13.0
163,Kolkata Knight Riders,Chennai Super Kings,1254072,KD Karthik,40,0,2.0,4.0,24,0,0,52.0
164,Kolkata Knight Riders,Chennai Super Kings,1254072,Kamlesh Nagarkoti,0,1,0.0,0.0,2,0,0,2.0
12,Chennai Super Kings,Kolkata Knight Riders,1254072,RA Jadeja,6,0,1.0,0.0,1,0,0,12.0
629,Royal Challengers Bangalore,Rajasthan Royals,1254073,V Kohli,72,0,3.0,6.0,47,1,0,96.0
518,Rajasthan Royals,Royal Challengers Bangalore,1254073,CH Morris,13,0,1.0,0.0,9,0,0,19.0
521,Rajasthan Royals,Royal Challengers Bangalore,1254073,JC Buttler,8,0,0.0,2.0,8,0,0,14.0
522,Rajasthan Royals,Royal Challengers Bangalore,1254073,M Vohra,7,0,0.0,1.0,9,0,0,12.0
523,Rajasthan Royals,Royal Challengers Bangalore,1254073,R Parag,25,0,0.0,4.0,16,0,0,33.0
524,Rajasthan Royals,Royal Challengers Bangalore,1254073,R Tewatia,42,0,2.0,4.0,23,0,0,54.0
628,Royal Challengers Bangalore,Rajasthan Royals,1254073,Devdutt Padikkal,109,0,6.0,11.0,54,1,1,160.0
519,Rajasthan Royals,Royal Challengers Bangalore,1254073,Chetan Sakariya,0,1,0.0,0.0,1,0,0,2.0
527,Rajasthan Royals,Royal Challengers Bangalore,1254073,SV Samson,22,0,1.0,2.0,18,0,0,30.0
520,Rajasthan Royals,Royal Challengers Bangalore,1254073,DA Miller,0,1,0.0,0.0,2,0,0,2.0
526,Rajasthan Royals,Royal Challengers Bangalore,1254073,S Gopal,7,0,1.0,0.0,4,0,0,13.0
525,Rajasthan Royals,Royal Challengers Bangalore,1254073,S Dube,53,0,2.0,6.0,32,1,0,75.0
317,Mumbai Indians,Punjab Kings,1254074,KH Pandya,3,0,0.0,0.0,3,0,0,7.0
401,Punjab Kings,Mumbai Indians,1254074,MA Agarwal,26,0,1.0,3.0,19,0,0,35.0
318,Mumbai Indians,Punjab Kings,1254074,Q de Kock,3,0,0.0,0.0,5,0,0,7.0
399,Punjab Kings,Mumbai Indians,1254074,CH Gayle,46,0,2.0,5.0,36,0,0,59.0
320,Mumbai Indians,Punjab Kings,1254074,SA Yadav,34,0,1.0,3.0,28,0,0,43.0
314,Mumbai Indians,Punjab Kings,1254074,HH Pandya,2,0,0.0,0.0,4,0,0,6.0
315,Mumbai Indians,Punjab Kings,1254074,Ishan Kishan,6,0,0.0,0.0,17,0,0,10.0
319,Mumbai Indians,Punjab Kings,1254074,RG Sharma,63,0,2.0,5.0,52,1,0,84.0
400,Punjab Kings,Mumbai Indians,1254074,KL Rahul,60,0,3.0,3.0,52,1,0,81.0
316,Mumbai Indians,Punjab Kings,1254074,KA Pollard,20,0,1.0,1.0,12,0,0,27.0
493,Rajasthan Royals,Kolkata Knight Riders,1254075,Yashasvi Jaiswal,22,0,0.0,5.0,17,0,0,31.0
491,Rajasthan Royals,Kolkata Knight Riders,1254075,S Dube,23,0,1.0,2.0,19,0,0,31.0
490,Rajasthan Royals,Kolkata Knight Riders,1254075,R Tewatia,6,0,0.0,0.0,8,0,0,10.0
489,Rajasthan Royals,Kolkata Knight Riders,1254075,JC Buttler,7,0,0.0,1.0,7,0,0,12.0
492,Rajasthan Royals,Kolkata Knight Riders,1254075,SV Samson,50,0,1.0,2.0,42,1,0,66.0
488,Rajasthan Royals,Kolkata Knight Riders,1254075,DA Miller,26,0,0.0,3.0,24,0,0,33.0
230,Kolkata Knight Riders,Rajasthan Royals,1254075,SP Narine,6,0,0.0,1.0,7,0,0,11.0
229,Kolkata Knight Riders,Rajasthan Royals,1254075,RA Tripathi,37,0,2.0,1.0,26,0,0,46.0
228,Kolkata Knight Riders,Rajasthan Royals,1254075,PJ Cummins,11,0,1.0,0.0,6,0,0,17.0
227,Kolkata Knight Riders,Rajasthan Royals,1254075,N Rana,24,0,1.0,1.0,26,0,0,31.0
226,Kolkata Knight Riders,Rajasthan Royals,1254075,KD Karthik,26,0,0.0,4.0,24,0,0,34.0
225,Kolkata Knight Riders,Rajasthan Royals,1254075,AD Russell,13,0,1.0,0.0,8,0,0,19.0
231,Kolkata Knight Riders,Rajasthan Royals,1254075,Shivam Mavi,5,0,0.0,1.0,7,0,0,10.0
232,Kolkata Knight Riders,Rajasthan Royals,1254075,Shubman Gill,11,0,0.0,1.0,19,0,0,16.0
557,Royal Challengers Bangalore,Chennai Super Kings,1254076,NA Saini,3,0,0.0,0.0,5,0,0,7.0
556,Royal Challengers Bangalore,Chennai Super Kings,1254076,M Siraj,12,0,1.0,0.0,14,0,0,18.0
559,Royal Challengers Bangalore,Chennai Super Kings,1254076,Washington Sundar,9,0,0.0,1.0,11,0,0,14.0
554,Royal Challengers Bangalore,Chennai Super Kings,1254076,HV Patel,1,0,0.0,0.0,8,0,0,5.0
553,Royal Challengers Bangalore,Chennai Super Kings,1254076,GJ Maxwell,22,0,0.0,3.0,15,0,0,29.0
552,Royal Challengers Bangalore,Chennai Super Kings,1254076,Devdutt Padikkal,36,0,2.0,4.0,16,0,0,48.0
560,Royal Challengers Bangalore,Chennai Super Kings,1254076,YS Chahal,8,0,0.0,0.0,21,0,0,12.0
60,Chennai Super Kings,Royal Challengers Bangalore,1254076,AS Raut,35,0,1.0,4.0,26,0,0,45.0
61,Chennai Super Kings,Royal Challengers Bangalore,1254076,AT Rayudu,14,0,1.0,1.0,7,0,0,21.0
62,Chennai Super Kings,Royal Challengers Bangalore,1254076,F du Plessis,51,0,1.0,5.0,42,1,0,70.0
63,Chennai Super Kings,Royal Challengers Bangalore,1254076,MS Dhoni,2,0,0.0,0.0,3,0,0,6.0
64,Chennai Super Kings,Royal Challengers Bangalore,1254076,RA Jadeja,64,0,4.0,4.0,28,1,0,88.0
558,Royal Challengers Bangalore,Chennai Super Kings,1254076,V Kohli,10,0,0.0,1.0,8,0,0,15.0
555,Royal Challengers Bangalore,Chennai Super Kings,1254076,Kyle Jamieson,16,0,1.0,1.0,13,0,0,23.0
65,Chennai Super Kings,Royal Challengers Bangalore,1254076,Suresh Raina,25,0,3.0,1.0,18,0,0,36.0
550,Royal Challengers Bangalore,Chennai Super Kings,1254076,AB de Villiers,4,0,0.0,0.0,9,0,0,8.0
551,Royal Challengers Bangalore,Chennai Super Kings,1254076,Dan Christian,1,0,0.0,0.0,3,0,0,5.0
156,Delhi Capitals,Sunrisers Hyderabad,1254077,SPD Smith,35,0,1.0,3.0,25,0,0,44.0
663,Sunrisers Hyderabad,Delhi Capitals,1254077,Rashid Khan,0,1,0.0,0.0,1,0,0,2.0
664,Sunrisers Hyderabad,Delhi Capitals,1254077,V Pratap Singh,5,0,0.0,0.0,14,0,0,9.0
665,Sunrisers Hyderabad,Delhi Capitals,1254077,V Shankar,8,0,0.0,0.0,7,0,0,12.0
662,Sunrisers Hyderabad,Delhi Capitals,1254077,KS Williamson,70,0,0.0,8.0,53,1,0,90.0
661,Sunrisers Hyderabad,Delhi Capitals,1254077,KM Jadhav,10,0,0.0,1.0,10,0,0,15.0
657,Sunrisers Hyderabad,Delhi Capitals,1254077,Abhishek Sharma,6,0,0.0,0.0,6,0,0,10.0
659,Sunrisers Hyderabad,Delhi Capitals,1254077,J Suchith,16,0,1.0,2.0,6,0,0,24.0
658,Sunrisers Hyderabad,Delhi Capitals,1254077,DA Warner,6,0,0.0,0.0,8,0,0,10.0
155,Delhi Capitals,Sunrisers Hyderabad,1254077,SO Hetmyer,1,0,0.0,0.0,2,0,0,5.0
151,Delhi Capitals,Sunrisers Hyderabad,1254077,MP Stoinis,2,0,0.0,0.0,2,0,0,6.0
152,Delhi Capitals,Sunrisers Hyderabad,1254077,PP Shaw,54,0,1.0,7.0,39,1,0,75.0
153,Delhi Capitals,Sunrisers Hyderabad,1254077,RR Pant,38,0,1.0,4.0,27,0,0,48.0
154,Delhi Capitals,Sunrisers Hyderabad,1254077,S Dhawan,29,0,0.0,3.0,26,0,0,36.0
660,Sunrisers Hyderabad,Delhi Capitals,1254077,JM Bairstow,38,0,4.0,3.0,18,0,0,53.0
386,Punjab Kings,Kolkata Knight Riders,1254078,KL Rahul,19,0,1.0,2.0,20,0,0,27.0
383,Punjab Kings,Kolkata Knight Riders,1254078,CH Gayle,0,1,0.0,0.0,1,0,0,2.0
384,Punjab Kings,Kolkata Knight Riders,1254078,CJ Jordan,30,0,3.0,1.0,18,0,0,41.0
215,Kolkata Knight Riders,Punjab Kings,1254078,SP Narine,2,0,0.0,0.0,5,0,0,6.0
385,Punjab Kings,Kolkata Knight Riders,1254078,DJ Hooda,2,0,0.0,0.0,5,0,0,6.0
387,Punjab Kings,Kolkata Knight Riders,1254078,MA Agarwal,34,0,2.0,1.0,35,0,0,43.0
389,Punjab Kings,Kolkata Knight Riders,1254078,Moises Henriques,2,0,0.0,0.0,3,0,0,6.0
214,Kolkata Knight Riders,Punjab Kings,1254078,RA Tripathi,46,0,0.0,8.0,32,0,0,58.0
213,Kolkata Knight Riders,Punjab Kings,1254078,N Rana,0,1,0.0,0.0,1,0,0,2.0
212,Kolkata Knight Riders,Punjab Kings,1254078,KD Karthik,12,0,0.0,2.0,6,0,0,18.0
211,Kolkata Knight Riders,Punjab Kings,1254078,EJG Morgan,47,0,2.0,4.0,40,0,0,59.0
390,Punjab Kings,Kolkata Knight Riders,1254078,N Pooran,19,0,1.0,1.0,19,0,0,26.0
391,Punjab Kings,Kolkata Knight Riders,1254078,R Bishnoi,2,0,0.0,0.0,4,0,0,6.0
392,Punjab Kings,Kolkata Knight Riders,1254078,Shahrukh Khan,13,0,1.0,0.0,14,0,0,19.0
210,Kolkata Knight Riders,Punjab Kings,1254078,AD Russell,10,0,0.0,2.0,9,0,0,16.0
216,Kolkata Knight Riders,Punjab Kings,1254078,Shubman Gill,9,0,0.0,2.0,8,0,0,15.0
388,Punjab Kings,Kolkata Knight Riders,1254078,Mohammed Shami,1,0,0.0,0.0,2,0,0,5.0
382,Punjab Kings,Kolkata Knight Riders,1254078,Arshdeep Singh,1,0,0.0,0.0,1,0,0,5.0
568,Royal Challengers Bangalore,Delhi Capitals,1254079,AB de Villiers,76,0,5.0,3.0,43,1,0,101.0
569,Royal Challengers Bangalore,Delhi Capitals,1254079,D Sams,3,0,0.0,0.0,2,0,0,7.0
570,Royal Challengers Bangalore,Delhi Capitals,1254079,Devdutt Padikkal,17,0,0.0,3.0,14,0,0,24.0
574,Royal Challengers Bangalore,Delhi Capitals,1254079,Washington Sundar,6,0,0.0,0.0,9,0,0,10.0
147,Delhi Capitals,Royal Challengers Bangalore,1254079,RR Pant,60,0,0.0,6.0,48,1,0,78.0
146,Delhi Capitals,Royal Challengers Bangalore,1254079,PP Shaw,25,0,0.0,4.0,18,0,0,33.0
145,Delhi Capitals,Royal Challengers Bangalore,1254079,MP Stoinis,22,0,0.0,3.0,17,0,0,29.0
571,Royal Challengers Bangalore,Delhi Capitals,1254079,GJ Maxwell,25,0,2.0,1.0,20,0,0,34.0
572,Royal Challengers Bangalore,Delhi Capitals,1254079,Rajat Patidar,31,0,2.0,0.0,22,0,0,39.0
150,Delhi Capitals,Royal Challengers Bangalore,1254079,SPD Smith,4,0,0.0,1.0,5,0,0,9.0
149,Delhi Capitals,Royal Challengers Bangalore,1254079,SO Hetmyer,53,0,4.0,2.0,25,1,0,75.0
573,Royal Challengers Bangalore,Delhi Capitals,1254079,V Kohli,13,0,0.0,2.0,11,0,0,19.0
148,Delhi Capitals,Royal Challengers Bangalore,1254079,S Dhawan,6,0,0.0,1.0,7,0,0,11.0
76,Chennai Super Kings,Sunrisers Hyderabad,1254080,Suresh Raina,17,0,0.0,3.0,15,0,0,24.0
72,Chennai Super Kings,Sunrisers Hyderabad,1254080,AS Raut,76,0,0.0,12.0,45,1,0,100.0
74,Chennai Super Kings,Sunrisers Hyderabad,1254080,MM Ali,16,0,0.0,3.0,9,0,0,23.0
647,Sunrisers Hyderabad,Chennai Super Kings,1254080,MK Pandey,64,0,1.0,5.0,46,1,0,83.0
645,Sunrisers Hyderabad,Chennai Super Kings,1254080,KM Jadhav,12,0,1.0,1.0,4,0,0,19.0
644,Sunrisers Hyderabad,Chennai Super Kings,1254080,JM Bairstow,8,0,0.0,1.0,6,0,0,13.0
643,Sunrisers Hyderabad,Chennai Super Kings,1254080,DA Warner,61,0,2.0,3.0,57,1,0,80.0
73,Chennai Super Kings,Sunrisers Hyderabad,1254080,F du Plessis,56,0,1.0,6.0,38,1,0,76.0
75,Chennai Super Kings,Sunrisers Hyderabad,1254080,RA Jadeja,8,0,0.0,1.0,6,0,0,13.0
646,Sunrisers Hyderabad,Chennai Super Kings,1254080,KS Williamson,26,0,1.0,4.0,10,0,0,36.0
330,Mumbai Indians,Rajasthan Royals,1254081,RG Sharma,15,0,1.0,0.0,17,0,0,21.0
497,Rajasthan Royals,Mumbai Indians,1254081,S Dube,37,0,2.0,2.0,31,0,0,47.0
496,Rajasthan Royals,Mumbai Indians,1254081,R Parag,9,0,0.0,1.0,6,0,0,14.0
495,Rajasthan Royals,Mumbai Indians,1254081,JC Buttler,43,0,3.0,3.0,32,0,0,56.0
494,Rajasthan Royals,Mumbai Indians,1254081,DA Miller,7,0,0.0,1.0,4,0,0,12.0
498,Rajasthan Royals,Mumbai Indians,1254081,SV Samson,43,0,0.0,5.0,28,0,0,52.0
499,Rajasthan Royals,Mumbai Indians,1254081,Yashasvi Jaiswal,32,0,2.0,2.0,20,0,0,42.0
329,Mumbai Indians,Rajasthan Royals,1254081,Q de Kock,80,0,2.0,8.0,50,1,0,104.0
331,Mumbai Indians,Rajasthan Royals,1254081,SA Yadav,16,0,0.0,3.0,10,0,0,23.0
328,Mumbai Indians,Rajasthan Royals,1254081,KH Pandya,41,0,2.0,2.0,27,0,0,51.0
327,Mumbai Indians,Rajasthan Royals,1254081,KA Pollard,20,0,1.0,3.0,8,0,0,29.0
91,Delhi Capitals,Kolkata Knight Riders,1254082,SO Hetmyer,0,1,0.0,0.0,1,0,0,2.0
180,Kolkata Knight Riders,Delhi Capitals,1254082,AD Russell,45,0,4.0,2.0,27,0,0,59.0
181,Kolkata Knight Riders,Delhi Capitals,1254082,EJG Morgan,1,0,0.0,0.0,2,0,0,5.0
182,Kolkata Knight Riders,Delhi Capitals,1254082,KD Karthik,14,0,1.0,1.0,10,0,0,21.0
183,Kolkata Knight Riders,Delhi Capitals,1254082,N Rana,15,0,1.0,1.0,12,0,0,22.0
184,Kolkata Knight Riders,Delhi Capitals,1254082,PJ Cummins,16,0,0.0,2.0,14,0,0,22.0
185,Kolkata Knight Riders,Delhi Capitals,1254082,RA Tripathi,19,0,0.0,2.0,17,0,0,25.0
90,Delhi Capitals,Kolkata Knight Riders,1254082,S Dhawan,48,0,1.0,4.0,48,0,0,58.0
186,Kolkata Knight Riders,Delhi Capitals,1254082,SP Narine,0,1,0.0,0.0,1,0,0,2.0
87,Delhi Capitals,Kolkata Knight Riders,1254082,MP Stoinis,6,0,0.0,1.0,3,0,0,11.0
89,Delhi Capitals,Kolkata Knight Riders,1254082,RR Pant,16,0,1.0,2.0,8,0,0,24.0
187,Kolkata Knight Riders,Delhi Capitals,1254082,Shubman Gill,44,0,1.0,3.0,38,0,0,53.0
88,Delhi Capitals,Kolkata Knight Riders,1254082,PP Shaw,86,0,3.0,11.0,42,1,0,115.0
424,Punjab Kings,Royal Challengers Bangalore,1254083,DJ Hooda,5,0,0.0,0.0,9,0,0,9.0
423,Punjab Kings,Royal Challengers Bangalore,1254083,CH Gayle,47,0,2.0,6.0,25,0,0,61.0
426,Punjab Kings,Royal Challengers Bangalore,1254083,KL Rahul,93,0,5.0,7.0,57,1,0,122.0
427,Punjab Kings,Royal Challengers Bangalore,1254083,N Pooran,1,0,0.0,0.0,3,0,0,5.0
428,Punjab Kings,Royal Challengers Bangalore,1254083,Prabhsimran Singh,7,0,0.0,1.0,7,0,0,12.0
429,Punjab Kings,Royal Challengers Bangalore,1254083,Shahrukh Khan,0,1,0.0,0.0,3,0,0,2.0
425,Punjab Kings,Royal Challengers Bangalore,1254083,H Brar,26,0,2.0,1.0,17,0,0,35.0
618,Royal Challengers Bangalore,Punjab Kings,1254083,S Ahmed,9,0,0.0,1.0,11,0,0,14.0
613,Royal Challengers Bangalore,Punjab Kings,1254083,GJ Maxwell,0,1,0.0,0.0,1,0,0,2.0
619,Royal Challengers Bangalore,Punjab Kings,1254083,V Kohli,37,0,1.0,3.0,34,0,0,46.0
617,Royal Challengers Bangalore,Punjab Kings,1254083,Rajat Patidar,37,0,1.0,2.0,32,0,0,45.0
616,Royal Challengers Bangalore,Punjab Kings,1254083,M Siraj,0,1,0.0,0.0,1,0,0,2.0
615,Royal Challengers Bangalore,Punjab Kings,1254083,Kyle Jamieson,18,0,1.0,1.0,11,0,0,25.0
612,Royal Challengers Bangalore,Punjab Kings,1254083,Devdutt Padikkal,7,0,1.0,0.0,6,0,0,13.0
611,Royal Challengers Bangalore,Punjab Kings,1254083,D Sams,3,0,0.0,0.0,4,0,0,7.0
610,Royal Challengers Bangalore,Punjab Kings,1254083,AB de Villiers,3,0,0.0,0.0,9,0,0,7.0
614,Royal Challengers Bangalore,Punjab Kings,1254083,HV Patel,31,0,2.0,3.0,13,0,0,42.0
259,Mumbai Indians,Chennai Super Kings,1254084,JDS Neesham,0,1,0.0,0.0,1,0,0,2.0
260,Mumbai Indians,Chennai Super Kings,1254084,KA Pollard,92,0,8.0,6.0,36,1,0,126.0
28,Chennai Super Kings,Mumbai Indians,1254084,Suresh Raina,2,0,0.0,0.0,4,0,0,6.0
258,Mumbai Indians,Chennai Super Kings,1254084,HH Pandya,16,0,2.0,0.0,7,0,0,24.0
27,Chennai Super Kings,Mumbai Indians,1254084,RA Jadeja,28,0,0.0,2.0,25,0,0,34.0
261,Mumbai Indians,Chennai Super Kings,1254084,KH Pandya,32,0,2.0,2.0,23,0,0,42.0
25,Chennai Super Kings,Mumbai Indians,1254084,F du Plessis,50,0,4.0,2.0,28,1,0,72.0
262,Mumbai Indians,Chennai Super Kings,1254084,Q de Kock,39,0,1.0,4.0,29,0,0,49.0
23,Chennai Super Kings,Mumbai Indians,1254084,AS Raut,4,0,0.0,1.0,4,0,0,9.0
263,Mumbai Indians,Chennai Super Kings,1254084,RG Sharma,37,0,1.0,4.0,25,0,0,47.0
264,Mumbai Indians,Chennai Super Kings,1254084,SA Yadav,3,0,0.0,0.0,3,0,0,7.0
26,Chennai Super Kings,Mumbai Indians,1254084,MM Ali,60,0,5.0,5.0,36,1,0,87.0
24,Chennai Super Kings,Mumbai Indians,1254084,AT Rayudu,74,0,6.0,4.0,26,1,0,102.0
718,Sunrisers Hyderabad,Rajasthan Royals,1254085,KM Jadhav,21,0,1.0,0.0,20,0,0,27.0
717,Sunrisers Hyderabad,Rajasthan Royals,1254085,JM Bairstow,30,0,1.0,4.0,21,0,0,40.0
538,Rajasthan Royals,Sunrisers Hyderabad,1254085,DA Miller,7,0,1.0,0.0,3,0,0,13.0
719,Sunrisers Hyderabad,Rajasthan Royals,1254085,KS Williamson,21,0,0.0,1.0,22,0,0,26.0
720,Sunrisers Hyderabad,Rajasthan Royals,1254085,M Nabi,17,0,2.0,1.0,5,0,0,26.0
721,Sunrisers Hyderabad,Rajasthan Royals,1254085,MK Pandey,33,0,2.0,3.0,20,0,0,44.0
539,Rajasthan Royals,Sunrisers Hyderabad,1254085,JC Buttler,131,0,7.0,11.0,65,1,1,184.0
540,Rajasthan Royals,Sunrisers Hyderabad,1254085,R Parag,15,0,1.0,0.0,8,0,0,21.0
541,Rajasthan Royals,Sunrisers Hyderabad,1254085,SV Samson,51,0,2.0,4.0,34,1,0,71.0
542,Rajasthan Royals,Sunrisers Hyderabad,1254085,Yashasvi Jaiswal,16,0,0.0,3.0,13,0,0,23.0
722,Sunrisers Hyderabad,Rajasthan Royals,1254085,P Kumar,14,0,0.0,2.0,10,0,0,20.0
723,Sunrisers Hyderabad,Rajasthan Royals,1254085,Rashid Khan,1,0,0.0,0.0,3,0,0,5.0
724,Sunrisers Hyderabad,Rajasthan Royals,1254085,Sandeep Sharma,8,0,0.0,1.0,6,0,0,13.0
716,Sunrisers Hyderabad,Rajasthan Royals,1254085,A Samad,12,0,1.0,0.0,9,0,0,18.0
725,Sunrisers Hyderabad,Rajasthan Royals,1254085,V Shankar,8,0,0.0,1.0,8,0,0,13.0
380,Punjab Kings,Delhi Capitals,1254086,Prabhsimran Singh,12,0,1.0,0.0,16,0,0,18.0
381,Punjab Kings,Delhi Capitals,1254086,Shahrukh Khan,4,0,0.0,0.0,5,0,0,8.0
379,Punjab Kings,Delhi Capitals,1254086,MA Agarwal,99,0,4.0,8.0,58,1,0,127.0
123,Delhi Capitals,Punjab Kings,1254086,RR Pant,14,0,1.0,1.0,11,0,0,21.0
378,Punjab Kings,Delhi Capitals,1254086,H Brar,8,0,0.0,1.0,3,0,0,13.0
377,Punjab Kings,Delhi Capitals,1254086,Dawid Malan,27,0,1.0,1.0,26,0,0,34.0
376,Punjab Kings,Delhi Capitals,1254086,DJ Hooda,1,0,0.0,0.0,1,0,0,5.0
126,Delhi Capitals,Punjab Kings,1254086,SPD Smith,25,0,0.0,1.0,22,0,0,30.0
125,Delhi Capitals,Punjab Kings,1254086,SO Hetmyer,18,0,2.0,1.0,4,0,0,27.0
124,Delhi Capitals,Punjab Kings,1254086,S Dhawan,71,0,2.0,6.0,47,1,0,93.0
122,Delhi Capitals,Punjab Kings,1254086,PP Shaw,39,0,3.0,3.0,22,0,0,52.0
375,Punjab Kings,Delhi Capitals,1254086,CJ Jordan,2,0,0.0,0.0,3,0,0,6.0
374,Punjab Kings,Delhi Capitals,1254086,CH Gayle,13,0,1.0,1.0,9,0,0,20.0
581,Royal Challengers Bangalore,Kolkata Knight Riders,1254087,AB de Villiers,0,1,0.0,0.0,1,0,0,2.0
589,Royal Challengers Bangalore,Kolkata Knight Riders,1254087,V Kohli,6,0,0.0,1.0,5,0,0,11.0
582,Royal Challengers Bangalore,Kolkata Knight Riders,1254087,Devdutt Padikkal,22,0,0.0,3.0,20,0,0,29.0
587,Royal Challengers Bangalore,Kolkata Knight Riders,1254087,Sachin Baby,8,0,0.0,0.0,17,0,0,12.0
586,Royal Challengers Bangalore,Kolkata Knight Riders,1254087,M Siraj,8,0,0.0,1.0,10,0,0,13.0
583,Royal Challengers Bangalore,Kolkata Knight Riders,1254087,GJ Maxwell,10,0,0.0,0.0,17,0,0,14.0
588,Royal Challengers Bangalore,Kolkata Knight Riders,1254087,Srikar Bharat,18,0,0.0,1.0,17,0,0,23.0
590,Royal Challengers Bangalore,Kolkata Knight Riders,1254087,Wanindu Hasaranga de Silva,0,1,0.0,0.0,1,0,0,2.0
243,Kolkata Knight Riders,Royal Challengers Bangalore,1254087,Shubman Gill,52,0,1.0,6.0,35,1,0,72.0
584,Royal Challengers Bangalore,Kolkata Knight Riders,1254087,HV Patel,12,0,0.0,2.0,10,0,0,18.0
591,Royal Challengers Bangalore,Kolkata Knight Riders,1254087,YS Chahal,3,0,0.0,0.0,6,0,0,7.0
244,Kolkata Knight Riders,Royal Challengers Bangalore,1254087,Venkatesh Iyer,42,0,1.0,7.0,27,0,0,55.0
585,Royal Challengers Bangalore,Kolkata Knight Riders,1254087,Kyle Jamieson,5,0,0.0,0.0,12,0,0,9.0
58,Chennai Super Kings,Rajasthan Royals,1254089,RA Jadeja,34,0,1.0,4.0,15,0,0,44.0
467,Rajasthan Royals,Chennai Super Kings,1254089,Glenn Phillips,15,0,1.0,1.0,8,0,0,22.0
466,Rajasthan Royals,Chennai Super Kings,1254089,Evin Lewis,27,0,2.0,2.0,12,0,0,37.0
59,Chennai Super Kings,Rajasthan Royals,1254089,Suresh Raina,3,0,0.0,0.0,5,0,0,7.0
469,Rajasthan Royals,Chennai Super Kings,1254089,SV Samson,29,0,0.0,4.0,24,0,0,37.0
470,Rajasthan Royals,Chennai Super Kings,1254089,Yashasvi Jaiswal,50,0,3.0,6.0,21,1,0,74.0
55,Chennai Super Kings,Rajasthan Royals,1254089,AT Rayudu,2,0,0.0,0.0,4,0,0,6.0
57,Chennai Super Kings,Rajasthan Royals,1254089,MM Ali,22,0,1.0,1.0,18,0,0,29.0
56,Chennai Super Kings,Rajasthan Royals,1254089,F du Plessis,25,0,1.0,2.0,19,0,0,33.0
468,Rajasthan Royals,Chennai Super Kings,1254089,S Dube,69,0,4.0,4.0,43,1,0,93.0
54,Chennai Super Kings,Rajasthan Royals,1254089,AS Raut,103,0,5.0,9.0,61,1,1,150.0
624,Royal Challengers Bangalore,Punjab Kings,1254090,George Garton,0,1,0.0,0.0,1,0,0,2.0
623,Royal Challengers Bangalore,Punjab Kings,1254090,GJ Maxwell,61,0,4.0,3.0,33,1,0,84.0
622,Royal Challengers Bangalore,Punjab Kings,1254090,Devdutt Padikkal,43,0,2.0,4.0,38,0,0,55.0
621,Royal Challengers Bangalore,Punjab Kings,1254090,Dan Christian,0,1,0.0,0.0,1,0,0,2.0
620,Royal Challengers Bangalore,Punjab Kings,1254090,AB de Villiers,24,0,2.0,1.0,18,0,0,33.0
436,Punjab Kings,Royal Challengers Bangalore,1254090,SN Khan,0,1,0.0,0.0,1,0,0,2.0
435,Punjab Kings,Royal Challengers Bangalore,1254090,N Pooran,3,0,0.0,0.0,7,0,0,7.0
430,Punjab Kings,Royal Challengers Bangalore,1254090,Aiden Markram,20,0,1.0,2.0,14,0,0,28.0
625,Royal Challengers Bangalore,Punjab Kings,1254090,HV Patel,1,0,0.0,0.0,1,0,0,5.0
626,Royal Challengers Bangalore,Punjab Kings,1254090,S Ahmed,8,0,1.0,0.0,4,0,0,14.0
627,Royal Challengers Bangalore,Punjab Kings,1254090,V Kohli,27,0,1.0,2.0,25,0,0,35.0
431,Punjab Kings,Royal Challengers Bangalore,1254090,H Brar,3,0,0.0,0.0,2,0,0,7.0
437,Punjab Kings,Royal Challengers Bangalore,1254090,Shahrukh Khan,17,0,1.0,1.0,11,0,0,24.0
432,Punjab Kings,Royal Challengers Bangalore,1254090,KL Rahul,40,0,2.0,1.0,35,0,0,49.0
434,Punjab Kings,Royal Challengers Bangalore,1254090,Moises Henriques,12,0,1.0,0.0,9,0,0,18.0
433,Punjab Kings,Royal Challengers Bangalore,1254090,MA Agarwal,63,0,2.0,6.0,44,1,0,85.0
81,Chennai Super Kings,Sunrisers Hyderabad,1254091,MS Dhoni,15,0,1.0,1.0,12,0,0,22.0
80,Chennai Super Kings,Sunrisers Hyderabad,1254091,MM Ali,17,0,0.0,2.0,17,0,0,23.0
79,Chennai Super Kings,Sunrisers Hyderabad,1254091,F du Plessis,41,0,2.0,3.0,36,0,0,52.0
78,Chennai Super Kings,Sunrisers Hyderabad,1254091,AT Rayudu,17,0,1.0,1.0,13,0,0,24.0
77,Chennai Super Kings,Sunrisers Hyderabad,1254091,AS Raut,46,0,2.0,4.0,38,0,0,58.0
655,Sunrisers Hyderabad,Chennai Super Kings,1254091,Rashid Khan,18,0,0.0,2.0,13,0,0,24.0
82,Chennai Super Kings,Sunrisers Hyderabad,1254091,Suresh Raina,3,0,0.0,0.0,4,0,0,7.0
648,Sunrisers Hyderabad,Chennai Super Kings,1254091,A Samad,18,0,1.0,1.0,14,0,0,25.0
649,Sunrisers Hyderabad,Chennai Super Kings,1254091,Abhishek Sharma,19,0,1.0,1.0,13,0,0,26.0
650,Sunrisers Hyderabad,Chennai Super Kings,1254091,JO Holder,5,0,0.0,0.0,5,0,0,9.0
652,Sunrisers Hyderabad,Chennai Super Kings,1254091,KS Williamson,12,0,0.0,2.0,11,0,0,18.0
653,Sunrisers Hyderabad,Chennai Super Kings,1254091,P Garg,8,0,0.0,0.0,11,0,0,12.0
654,Sunrisers Hyderabad,Chennai Super Kings,1254091,P Kumar,2,0,0.0,0.0,2,0,0,6.0
656,Sunrisers Hyderabad,Chennai Super Kings,1254091,WP Saha,46,0,2.0,1.0,45,0,0,55.0
651,Sunrisers Hyderabad,Chennai Super Kings,1254091,Jason Roy,6,0,0.0,1.0,7,0,0,11.0
97,Delhi Capitals,Kolkata Knight Riders,1254092,RR Pant,41,0,0.0,3.0,37,0,0,48.0
95,Delhi Capitals,Kolkata Knight Riders,1254092,L Yadav,0,1,0.0,0.0,3,0,0,2.0
94,Delhi Capitals,Kolkata Knight Riders,1254092,K Rabada,0,1,0.0,0.0,1,0,0,2.0
194,Kolkata Knight Riders,Delhi Capitals,1254092,Tim Southee,3,0,0.0,0.0,5,0,0,7.0
93,Delhi Capitals,Kolkata Knight Riders,1254092,Avesh Khan,5,0,0.0,1.0,3,0,0,10.0
92,Delhi Capitals,Kolkata Knight Riders,1254092,AR Patel,2,0,0.0,0.0,6,0,0,6.0
195,Kolkata Knight Riders,Delhi Capitals,1254092,Venkatesh Iyer,15,0,0.0,2.0,15,0,0,21.0
101,Delhi Capitals,Kolkata Knight Riders,1254092,SS Iyer,2,0,0.0,0.0,6,0,0,6.0
100,Delhi Capitals,Kolkata Knight Riders,1254092,SPD Smith,39,0,0.0,4.0,34,0,0,47.0
96,Delhi Capitals,Kolkata Knight Riders,1254092,R Ashwin,10,0,0.0,1.0,8,0,0,15.0
98,Delhi Capitals,Kolkata Knight Riders,1254092,S Dhawan,24,0,0.0,5.0,20,0,0,33.0
193,Kolkata Knight Riders,Delhi Capitals,1254092,Shubman Gill,30,0,2.0,1.0,33,0,0,39.0
188,Kolkata Knight Riders,Delhi Capitals,1254092,EJG Morgan,0,1,0.0,0.0,2,0,0,2.0
189,Kolkata Knight Riders,Delhi Capitals,1254092,KD Karthik,12,0,0.0,2.0,14,0,0,18.0
192,Kolkata Knight Riders,Delhi Capitals,1254092,SP Narine,21,0,2.0,1.0,10,0,0,30.0
191,Kolkata Knight Riders,Delhi Capitals,1254092,RA Tripathi,9,0,1.0,0.0,5,0,0,15.0
190,Kolkata Knight Riders,Delhi Capitals,1254092,N Rana,40,0,2.0,2.0,27,0,0,50.0
99,Delhi Capitals,Kolkata Knight Riders,1254092,SO Hetmyer,4,0,0.0,0.0,5,0,0,8.0
306,Mumbai Indians,Kolkata Knight Riders,1254096,Adam Milne,1,0,0.0,0.0,1,0,0,5.0
307,Mumbai Indians,Kolkata Knight Riders,1254096,Ishan Kishan,15,0,1.0,0.0,13,0,0,21.0
308,Mumbai Indians,Kolkata Knight Riders,1254096,KA Pollard,24,0,1.0,2.0,15,0,0,32.0
309,Mumbai Indians,Kolkata Knight Riders,1254096,KH Pandya,12,0,1.0,0.0,9,0,0,18.0
312,Mumbai Indians,Kolkata Knight Riders,1254096,SA Yadav,6,0,0.0,0.0,10,0,0,10.0
311,Mumbai Indians,Kolkata Knight Riders,1254096,RG Sharma,35,0,0.0,4.0,31,0,0,43.0
205,Kolkata Knight Riders,Mumbai Indians,1254096,EJG Morgan,7,0,1.0,0.0,8,0,0,13.0
206,Kolkata Knight Riders,Mumbai Indians,1254096,N Rana,5,0,0.0,1.0,2,0,0,10.0
208,Kolkata Knight Riders,Mumbai Indians,1254096,Shubman Gill,13,0,1.0,1.0,9,0,0,20.0
209,Kolkata Knight Riders,Mumbai Indians,1254096,Venkatesh Iyer,59,0,3.0,4.0,32,1,0,81.0
313,Mumbai Indians,Kolkata Knight Riders,1254096,SS Tiwary,5,0,0.0,1.0,2,0,0,10.0
310,Mumbai Indians,Kolkata Knight Riders,1254096,Q de Kock,57,0,3.0,4.0,42,1,0,79.0
207,Kolkata Knight Riders,Mumbai Indians,1254096,RA Tripathi,75,0,3.0,8.0,42,1,0,101.0
486,Rajasthan Royals,Delhi Capitals,1254097,Tabraiz Shamsi,2,0,0.0,0.0,4,0,0,6.0
144,Delhi Capitals,Rajasthan Royals,1254097,SS Iyer,45,0,2.0,1.0,32,0,0,54.0
485,Rajasthan Royals,Delhi Capitals,1254097,SV Samson,76,0,1.0,8.0,55,1,0,98.0
484,Rajasthan Royals,Delhi Capitals,1254097,R Tewatia,9,0,0.0,0.0,15,0,0,13.0
482,Rajasthan Royals,Delhi Capitals,1254097,MK Lomror,19,0,1.0,0.0,24,0,0,25.0
481,Rajasthan Royals,Delhi Capitals,1254097,Liam Livingstone,1,0,0.0,0.0,3,0,0,5.0
480,Rajasthan Royals,Delhi Capitals,1254097,DA Miller,7,0,0.0,0.0,10,0,0,11.0
487,Rajasthan Royals,Delhi Capitals,1254097,Yashasvi Jaiswal,5,0,0.0,0.0,4,0,0,9.0
483,Rajasthan Royals,Delhi Capitals,1254097,R Parag,2,0,0.0,0.0,7,0,0,6.0
138,Delhi Capitals,Rajasthan Royals,1254097,L Yadav,15,0,0.0,1.0,15,0,0,20.0
139,Delhi Capitals,Rajasthan Royals,1254097,PP Shaw,10,0,0.0,0.0,12,0,0,14.0
140,Delhi Capitals,Rajasthan Royals,1254097,R Ashwin,8,0,0.0,0.0,6,0,0,12.0
141,Delhi Capitals,Rajasthan Royals,1254097,RR Pant,24,0,0.0,2.0,24,0,0,30.0
142,Delhi Capitals,Rajasthan Royals,1254097,S Dhawan,8,0,0.0,1.0,8,0,0,13.0
143,Delhi Capitals,Rajasthan Royals,1254097,SO Hetmyer,29,0,0.0,5.0,17,0,0,38.0
137,Delhi Capitals,Rajasthan Royals,1254097,AR Patel,15,0,1.0,0.0,8,0,0,21.0
17,Chennai Super Kings,Kolkata Knight Riders,1254098,MM Ali,33,0,1.0,2.0,29,0,0,41.0
18,Chennai Super Kings,Kolkata Knight Riders,1254098,MS Dhoni,2,0,0.0,0.0,4,0,0,6.0
19,Chennai Super Kings,Kolkata Knight Riders,1254098,RA Jadeja,22,0,2.0,2.0,8,0,0,32.0
20,Chennai Super Kings,Kolkata Knight Riders,1254098,SM Curran,4,0,0.0,0.0,4,0,0,8.0
178,Kolkata Knight Riders,Chennai Super Kings,1254098,Shubman Gill,9,0,0.0,2.0,5,0,0,15.0
22,Chennai Super Kings,Kolkata Knight Riders,1254098,Suresh Raina,12,0,0.0,1.0,7,0,0,17.0
177,Kolkata Knight Riders,Chennai Super Kings,1254098,SP Narine,1,0,0.0,0.0,1,0,0,5.0
179,Kolkata Knight Riders,Chennai Super Kings,1254098,Venkatesh Iyer,19,0,0.0,3.0,16,0,0,26.0
16,Chennai Super Kings,Kolkata Knight Riders,1254098,F du Plessis,44,0,0.0,7.0,30,0,0,55.0
21,Chennai Super Kings,Kolkata Knight Riders,1254098,SN Thakur,3,0,0.0,0.0,2,0,0,7.0
175,Kolkata Knight Riders,Chennai Super Kings,1254098,N Rana,41,0,1.0,3.0,29,0,0,50.0
176,Kolkata Knight Riders,Chennai Super Kings,1254098,RA Tripathi,46,0,1.0,4.0,33,0,0,56.0
13,Chennai Super Kings,Kolkata Knight Riders,1254098,AS Raut,40,0,3.0,2.0,28,0,0,52.0
14,Chennai Super Kings,Kolkata Knight Riders,1254098,AT Rayudu,11,0,0.0,1.0,10,0,0,16.0
15,Chennai Super Kings,Kolkata Knight Riders,1254098,DL Chahar,1,0,0.0,0.0,1,0,0,5.0
172,Kolkata Knight Riders,Chennai Super Kings,1254098,AD Russell,20,0,1.0,2.0,15,0,0,28.0
173,Kolkata Knight Riders,Chennai Super Kings,1254098,EJG Morgan,8,0,0.0,0.0,14,0,0,12.0
174,Kolkata Knight Riders,Chennai Super Kings,1254098,KD Karthik,27,0,1.0,3.0,11,0,0,36.0
407,Punjab Kings,Mumbai Indians,1254099,Mandeep Singh,16,0,0.0,2.0,14,0,0,22.0
325,Mumbai Indians,Punjab Kings,1254099,SA Yadav,0,1,0.0,0.0,1,0,0,2.0
326,Mumbai Indians,Punjab Kings,1254099,SS Tiwary,45,0,2.0,3.0,37,0,0,56.0
322,Mumbai Indians,Punjab Kings,1254099,KA Pollard,16,0,1.0,1.0,8,0,0,23.0
321,Mumbai Indians,Punjab Kings,1254099,HH Pandya,40,0,2.0,4.0,30,0,0,52.0
403,Punjab Kings,Mumbai Indians,1254099,CH Gayle,1,0,0.0,0.0,4,0,0,5.0
404,Punjab Kings,Mumbai Indians,1254099,DJ Hooda,29,0,1.0,1.0,26,0,0,36.0
405,Punjab Kings,Mumbai Indians,1254099,H Brar,16,0,0.0,0.0,19,0,0,20.0
406,Punjab Kings,Mumbai Indians,1254099,KL Rahul,22,0,0.0,2.0,23,0,0,28.0
409,Punjab Kings,Mumbai Indians,1254099,Nathan Ellis,6,0,0.0,0.0,4,0,0,10.0
408,Punjab Kings,Mumbai Indians,1254099,N Pooran,2,0,0.0,0.0,3,0,0,6.0
402,Punjab Kings,Mumbai Indians,1254099,Aiden Markram,43,0,0.0,6.0,30,0,0,53.0
324,Mumbai Indians,Punjab Kings,1254099,RG Sharma,8,0,0.0,1.0,10,0,0,13.0
323,Mumbai Indians,Punjab Kings,1254099,Q de Kock,28,0,0.0,2.0,29,0,0,34.0
726,Sunrisers Hyderabad,Rajasthan Royals,1254100,Abhishek Sharma,24,0,1.0,1.0,17,0,0,31.0
727,Sunrisers Hyderabad,Rajasthan Royals,1254100,Jason Roy,70,0,1.0,10.0,42,1,0,94.0
728,Sunrisers Hyderabad,Rajasthan Royals,1254100,KS Williamson,54,0,1.0,5.0,43,1,0,73.0
729,Sunrisers Hyderabad,Rajasthan Royals,1254100,P Garg,0,1,0.0,0.0,1,0,0,2.0
730,Sunrisers Hyderabad,Rajasthan Royals,1254100,WP Saha,19,0,1.0,2.0,12,0,0,27.0
547,Rajasthan Royals,Sunrisers Hyderabad,1254100,R Tewatia,1,0,0.0,0.0,1,0,0,5.0
548,Rajasthan Royals,Sunrisers Hyderabad,1254100,SV Samson,86,0,3.0,7.0,58,1,0,111.0
549,Rajasthan Royals,Sunrisers Hyderabad,1254100,Yashasvi Jaiswal,36,0,1.0,5.0,23,0,0,47.0
546,Rajasthan Royals,Sunrisers Hyderabad,1254100,R Parag,0,1,0.0,0.0,1,0,0,2.0
545,Rajasthan Royals,Sunrisers Hyderabad,1254100,MK Lomror,31,0,1.0,1.0,29,0,0,38.0
544,Rajasthan Royals,Sunrisers Hyderabad,1254100,Liam Livingstone,4,0,0.0,0.0,6,0,0,8.0
543,Rajasthan Royals,Sunrisers Hyderabad,1254100,Evin Lewis,6,0,0.0,1.0,4,0,0,11.0
218,Kolkata Knight Riders,Punjab Kings,1254102,KD Karthik,12,0,0.0,0.0,11,0,0,16.0
221,Kolkata Knight Riders,Punjab Kings,1254102,SP Narine,4,0,0.0,0.0,3,0,0,8.0
217,Kolkata Knight Riders,Punjab Kings,1254102,EJG Morgan,2,0,0.0,0.0,2,0,0,6.0
394,Punjab Kings,Kolkata Knight Riders,1254102,DJ Hooda,3,0,0.0,0.0,4,0,0,7.0
393,Punjab Kings,Kolkata Knight Riders,1254102,Aiden Markram,20,0,1.0,0.0,16,0,0,26.0
222,Kolkata Knight Riders,Punjab Kings,1254102,Shubman Gill,8,0,0.0,1.0,7,0,0,13.0
395,Punjab Kings,Kolkata Knight Riders,1254102,KL Rahul,69,0,2.0,4.0,56,1,0,89.0
396,Punjab Kings,Kolkata Knight Riders,1254102,MA Agarwal,42,0,3.0,3.0,27,0,0,55.0
397,Punjab Kings,Kolkata Knight Riders,1254102,N Pooran,12,0,1.0,0.0,7,0,0,18.0
398,Punjab Kings,Kolkata Knight Riders,1254102,Shahrukh Khan,22,0,2.0,1.0,9,0,0,31.0
223,Kolkata Knight Riders,Punjab Kings,1254102,Tim Seifert,5,0,0.0,0.0,5,0,0,9.0
224,Kolkata Knight Riders,Punjab Kings,1254102,Venkatesh Iyer,68,0,1.0,9.0,49,1,0,91.0
219,Kolkata Knight Riders,Punjab Kings,1254102,N Rana,31,0,2.0,2.0,18,0,0,41.0
220,Kolkata Knight Riders,Punjab Kings,1254102,RA Tripathi,35,0,1.0,3.0,27,0,0,44.0
634,Royal Challengers Bangalore,Rajasthan Royals,1254103,V Kohli,25,0,0.0,4.0,20,0,0,33.0
633,Royal Challengers Bangalore,Rajasthan Royals,1254103,Srikar Bharat,44,0,1.0,3.0,35,0,0,53.0
632,Royal Challengers Bangalore,Rajasthan Royals,1254103,GJ Maxwell,52,0,1.0,6.0,31,1,0,72.0
631,Royal Challengers Bangalore,Rajasthan Royals,1254103,Devdutt Padikkal,28,0,0.0,4.0,19,0,0,36.0
630,Royal Challengers Bangalore,Rajasthan Royals,1254103,AB de Villiers,4,0,0.0,1.0,1,0,0,9.0
531,Rajasthan Royals,Royal Challengers Bangalore,1254103,K Tyagi,1,0,0.0,0.0,1,0,0,5.0
532,Rajasthan Royals,Royal Challengers Bangalore,1254103,Liam Livingstone,7,0,0.0,0.0,9,0,0,11.0
537,Rajasthan Royals,Royal Challengers Bangalore,1254103,Yashasvi Jaiswal,31,0,2.0,3.0,22,0,0,42.0
536,Rajasthan Royals,Royal Challengers Bangalore,1254103,SV Samson,19,0,2.0,0.0,15,0,0,27.0
529,Rajasthan Royals,Royal Challengers Bangalore,1254103,Chetan Sakariya,2,0,0.0,0.0,2,0,0,6.0
535,Rajasthan Royals,Royal Challengers Bangalore,1254103,R Tewatia,2,0,0.0,0.0,3,0,0,6.0
534,Rajasthan Royals,Royal Challengers Bangalore,1254103,R Parag,9,0,0.0,0.0,16,0,0,13.0
533,Rajasthan Royals,Royal Challengers Bangalore,1254103,MK Lomror,4,0,0.0,0.0,5,0,0,8.0
530,Rajasthan Royals,Royal Challengers Bangalore,1254103,Evin Lewis,59,0,3.0,5.0,38,1,0,82.0
528,Rajasthan Royals,Royal Challengers Bangalore,1254103,CH Morris,15,0,0.0,2.0,11,0,0,21.0
269,Mumbai Indians,Chennai Super Kings,1254104,KA Pollard,16,0,1.0,1.0,14,0,0,23.0
268,Mumbai Indians,Chennai Super Kings,1254104,JJ Bumrah,1,0,0.0,0.0,2,0,0,5.0
267,Mumbai Indians,Chennai Super Kings,1254104,Ishan Kishan,11,0,0.0,1.0,10,0,0,16.0
270,Mumbai Indians,Chennai Super Kings,1254104,KH Pandya,4,0,0.0,0.0,5,0,0,8.0
265,Mumbai Indians,Chennai Super Kings,1254104,A Singh,16,0,1.0,2.0,14,0,0,24.0
30,Chennai Super Kings,Mumbai Indians,1254104,AT Rayudu,1,0,0.0,0.0,3,0,0,5.0
29,Chennai Super Kings,Mumbai Indians,1254104,AS Raut,90,0,4.0,9.0,58,1,0,119.0
266,Mumbai Indians,Chennai Super Kings,1254104,Adam Milne,17,0,1.0,0.0,15,0,0,23.0
271,Mumbai Indians,Chennai Super Kings,1254104,Q de Kock,17,0,0.0,3.0,12,0,0,24.0
274,Mumbai Indians,Chennai Super Kings,1254104,SS Tiwary,51,0,0.0,5.0,41,1,0,68.0
273,Mumbai Indians,Chennai Super Kings,1254104,SA Yadav,3,0,0.0,0.0,7,0,0,7.0
272,Mumbai Indians,Chennai Super Kings,1254104,RD Chahar,0,1,0.0,0.0,1,0,0,2.0
37,Chennai Super Kings,Mumbai Indians,1254104,Suresh Raina,4,0,0.0,1.0,6,0,0,9.0
36,Chennai Super Kings,Mumbai Indians,1254104,SN Thakur,1,0,0.0,0.0,1,0,0,5.0
35,Chennai Super Kings,Mumbai Indians,1254104,RA Jadeja,33,0,0.0,2.0,36,0,0,39.0
33,Chennai Super Kings,Mumbai Indians,1254104,MM Ali,0,1,0.0,0.0,3,0,0,2.0
32,Chennai Super Kings,Mumbai Indians,1254104,F du Plessis,0,1,0.0,0.0,3,0,0,2.0
31,Chennai Super Kings,Mumbai Indians,1254104,DJ Bravo,24,0,3.0,0.0,9,0,0,34.0
34,Chennai Super Kings,Mumbai Indians,1254104,MS Dhoni,3,0,0.0,0.0,5,0,0,7.0
160,Delhi Capitals,Sunrisers Hyderabad,1254105,SS Iyer,49,0,2.0,2.0,42,0,0,59.0
668,Sunrisers Hyderabad,Delhi Capitals,1254105,JO Holder,11,0,1.0,0.0,9,0,0,17.0
669,Sunrisers Hyderabad,Delhi Capitals,1254105,KM Jadhav,3,0,0.0,0.0,8,0,0,7.0
670,Sunrisers Hyderabad,Delhi Capitals,1254105,KS Williamson,25,0,0.0,2.0,25,0,0,31.0
671,Sunrisers Hyderabad,Delhi Capitals,1254105,MK Pandey,17,0,0.0,1.0,16,0,0,22.0
672,Sunrisers Hyderabad,Delhi Capitals,1254105,P Kumar,7,0,0.0,1.0,4,0,0,12.0
673,Sunrisers Hyderabad,Delhi Capitals,1254105,Rashid Khan,23,0,1.0,2.0,18,0,0,31.0
674,Sunrisers Hyderabad,Delhi Capitals,1254105,Sandeep Sharma,1,0,0.0,0.0,1,0,0,5.0
675,Sunrisers Hyderabad,Delhi Capitals,1254105,WP Saha,19,0,1.0,2.0,17,0,0,27.0
159,Delhi Capitals,Sunrisers Hyderabad,1254105,S Dhawan,42,0,1.0,6.0,37,0,0,54.0
667,Sunrisers Hyderabad,Delhi Capitals,1254105,DA Warner,0,1,0.0,0.0,3,0,0,2.0
666,Sunrisers Hyderabad,Delhi Capitals,1254105,A Samad,28,0,1.0,2.0,21,0,0,36.0
158,Delhi Capitals,Sunrisers Hyderabad,1254105,RR Pant,37,0,2.0,3.0,21,0,0,48.0
157,Delhi Capitals,Sunrisers Hyderabad,1254105,PP Shaw,11,0,0.0,2.0,8,0,0,17.0
450,Punjab Kings,Sunrisers Hyderabad,1254107,DJ Hooda,13,0,0.0,1.0,10,0,0,18.0
714,Sunrisers Hyderabad,Punjab Kings,1254107,Rashid Khan,3,0,0.0,0.0,4,0,0,7.0
713,Sunrisers Hyderabad,Punjab Kings,1254107,P Kumar,4,0,0.0,0.0,4,0,0,8.0
712,Sunrisers Hyderabad,Punjab Kings,1254107,MK Pandey,13,0,0.0,1.0,23,0,0,18.0
711,Sunrisers Hyderabad,Punjab Kings,1254107,KS Williamson,1,0,0.0,0.0,6,0,0,5.0
710,Sunrisers Hyderabad,Punjab Kings,1254107,KM Jadhav,12,0,0.0,0.0,12,0,0,16.0
709,Sunrisers Hyderabad,Punjab Kings,1254107,JO Holder,48,0,5.0,0.0,29,0,0,62.0
708,Sunrisers Hyderabad,Punjab Kings,1254107,DA Warner,2,0,0.0,0.0,3,0,0,6.0
707,Sunrisers Hyderabad,Punjab Kings,1254107,A Samad,1,0,0.0,0.0,2,0,0,5.0
449,Punjab Kings,Sunrisers Hyderabad,1254107,CH Gayle,16,0,0.0,1.0,17,0,0,21.0
455,Punjab Kings,Sunrisers Hyderabad,1254107,Nathan Ellis,13,0,1.0,0.0,12,0,0,19.0
448,Punjab Kings,Sunrisers Hyderabad,1254107,Aiden Markram,29,0,0.0,2.0,32,0,0,35.0
454,Punjab Kings,Sunrisers Hyderabad,1254107,N Pooran,8,0,1.0,0.0,4,0,0,14.0
453,Punjab Kings,Sunrisers Hyderabad,1254107,MA Agarwal,5,0,0.0,0.0,6,0,0,9.0
452,Punjab Kings,Sunrisers Hyderabad,1254107,KL Rahul,21,0,0.0,3.0,21,0,0,28.0
451,Punjab Kings,Sunrisers Hyderabad,1254107,H Brar,20,0,0.0,1.0,19,0,0,25.0
715,Sunrisers Hyderabad,Punjab Kings,1254107,WP Saha,36,0,0.0,1.0,38,0,0,41.0
348,Mumbai Indians,Royal Challengers Bangalore,1254108,RD Chahar,0,1,0.0,0.0,1,0,0,2.0
345,Mumbai Indians,Royal Challengers Bangalore,1254108,KA Pollard,7,0,0.0,0.0,10,0,0,11.0
344,Mumbai Indians,Royal Challengers Bangalore,1254108,JJ Bumrah,5,0,0.0,1.0,6,0,0,10.0
343,Mumbai Indians,Royal Challengers Bangalore,1254108,Ishan Kishan,9,0,0.0,1.0,12,0,0,14.0
349,Mumbai Indians,Royal Challengers Bangalore,1254108,RG Sharma,46,0,1.0,5.0,27,0,0,57.0
350,Mumbai Indians,Royal Challengers Bangalore,1254108,SA Yadav,9,0,0.0,0.0,9,0,0,13.0
351,Mumbai Indians,Royal Challengers Bangalore,1254108,TA Boult,0,1,0.0,0.0,3,0,0,2.0
347,Mumbai Indians,Royal Challengers Bangalore,1254108,Q de Kock,25,0,0.0,4.0,23,0,0,33.0
346,Mumbai Indians,Royal Challengers Bangalore,1254108,KH Pandya,6,0,0.0,0.0,11,0,0,10.0
607,Royal Challengers Bangalore,Mumbai Indians,1254108,S Ahmed,1,0,0.0,0.0,3,0,0,5.0
608,Royal Challengers Bangalore,Mumbai Indians,1254108,Srikar Bharat,34,0,2.0,2.0,25,0,0,44.0
606,Royal Challengers Bangalore,Mumbai Indians,1254108,Kyle Jamieson,2,0,0.0,0.0,2,0,0,6.0
605,Royal Challengers Bangalore,Mumbai Indians,1254108,GJ Maxwell,60,0,3.0,6.0,37,1,0,84.0
604,Royal Challengers Bangalore,Mumbai Indians,1254108,Devdutt Padikkal,0,1,0.0,0.0,4,0,0,2.0
603,Royal Challengers Bangalore,Mumbai Indians,1254108,Dan Christian,1,0,0.0,0.0,3,0,0,5.0
341,Mumbai Indians,Royal Challengers Bangalore,1254108,Adam Milne,0,1,0.0,0.0,1,0,0,2.0
609,Royal Challengers Bangalore,Mumbai Indians,1254108,V Kohli,55,0,3.0,3.0,43,1,0,76.0
602,Royal Challengers Bangalore,Mumbai Indians,1254108,AB de Villiers,12,0,1.0,1.0,7,0,0,19.0
342,Mumbai Indians,Royal Challengers Bangalore,1254108,HH Pandya,4,0,0.0,0.0,7,0,0,8.0
691,Sunrisers Hyderabad,Kolkata Knight Riders,1254109,S Kaul,7,0,0.0,1.0,5,0,0,12.0
690,Sunrisers Hyderabad,Kolkata Knight Riders,1254109,Rashid Khan,8,0,0.0,1.0,6,0,0,13.0
689,Sunrisers Hyderabad,Kolkata Knight Riders,1254109,P Kumar,7,0,0.0,0.0,7,0,0,11.0
688,Sunrisers Hyderabad,Kolkata Knight Riders,1254109,P Garg,21,0,1.0,0.0,31,0,0,27.0
687,Sunrisers Hyderabad,Kolkata Knight Riders,1254109,KS Williamson,26,0,0.0,4.0,21,0,0,34.0
686,Sunrisers Hyderabad,Kolkata Knight Riders,1254109,Jason Roy,11,0,0.0,2.0,12,0,0,17.0
257,Kolkata Knight Riders,Sunrisers Hyderabad,1254109,Venkatesh Iyer,8,0,0.0,0.0,14,0,0,12.0
684,Sunrisers Hyderabad,Kolkata Knight Riders,1254109,Abhishek Sharma,6,0,0.0,0.0,10,0,0,10.0
253,Kolkata Knight Riders,Sunrisers Hyderabad,1254109,KD Karthik,18,0,0.0,3.0,12,0,0,25.0
254,Kolkata Knight Riders,Sunrisers Hyderabad,1254109,N Rana,27,0,0.0,3.0,33,0,0,34.0
692,Sunrisers Hyderabad,Kolkata Knight Riders,1254109,WP Saha,0,1,0.0,0.0,1,0,0,2.0
256,Kolkata Knight Riders,Sunrisers Hyderabad,1254109,Shubman Gill,57,0,0.0,10.0,51,1,0,79.0
255,Kolkata Knight Riders,Sunrisers Hyderabad,1254109,RA Tripathi,7,0,0.0,1.0,6,0,0,12.0
252,Kolkata Knight Riders,Sunrisers Hyderabad,1254109,EJG Morgan,2,0,0.0,0.0,2,0,0,6.0
683,Sunrisers Hyderabad,Kolkata Knight Riders,1254109,A Samad,25,0,3.0,0.0,18,0,0,35.0
685,Sunrisers Hyderabad,Kolkata Knight Riders,1254109,JO Holder,4,0,0.0,0.0,9,0,0,8.0
514,Rajasthan Royals,Punjab Kings,1254111,R Parag,4,0,0.0,0.0,5,0,0,8.0
511,Rajasthan Royals,Punjab Kings,1254111,K Tyagi,2,0,0.0,0.0,3,0,0,6.0
510,Rajasthan Royals,Punjab Kings,1254111,Evin Lewis,37,0,1.0,7.0,21,0,0,50.0
509,Rajasthan Royals,Punjab Kings,1254111,Chetan Sakariya,7,0,0.0,1.0,6,0,0,12.0
508,Rajasthan Royals,Punjab Kings,1254111,CH Morris,5,0,0.0,0.0,5,0,0,9.0
420,Punjab Kings,Rajasthan Royals,1254111,KL Rahul,52,0,2.0,4.0,35,1,0,72.0
421,Punjab Kings,Rajasthan Royals,1254111,MA Agarwal,72,0,2.0,7.0,43,1,0,95.0
422,Punjab Kings,Rajasthan Royals,1254111,N Pooran,32,0,2.0,1.0,22,0,0,41.0
512,Rajasthan Royals,Punjab Kings,1254111,Liam Livingstone,28,0,1.0,2.0,17,0,0,36.0
513,Rajasthan Royals,Punjab Kings,1254111,MK Lomror,44,0,4.0,2.0,18,0,0,58.0
418,Punjab Kings,Rajasthan Royals,1254111,DJ Hooda,0,1,0.0,0.0,2,0,0,2.0
515,Rajasthan Royals,Punjab Kings,1254111,R Tewatia,3,0,0.0,0.0,6,0,0,7.0
516,Rajasthan Royals,Punjab Kings,1254111,SV Samson,4,0,0.0,0.0,5,0,0,8.0
517,Rajasthan Royals,Punjab Kings,1254111,Yashasvi Jaiswal,51,0,2.0,6.0,36,1,0,73.0
419,Punjab Kings,Rajasthan Royals,1254111,F Allen,0,1,0.0,0.0,1,0,0,2.0
417,Punjab Kings,Rajasthan Royals,1254111,Aiden Markram,27,0,1.0,2.0,20,0,0,35.0
286,Mumbai Indians,Delhi Capitals,1254112,AS Yadav,11,0,1.0,1.0,4,0,0,18.0
287,Mumbai Indians,Delhi Capitals,1254112,HH Pandya,18,0,0.0,2.0,18,0,0,24.0
288,Mumbai Indians,Delhi Capitals,1254112,JJ Bumrah,1,0,0.0,0.0,1,0,0,5.0
289,Mumbai Indians,Delhi Capitals,1254112,KA Pollard,9,0,0.0,0.0,11,0,0,13.0
108,Delhi Capitals,Mumbai Indians,1254112,AR Patel,10,0,0.0,1.0,10,0,0,15.0
290,Mumbai Indians,Delhi Capitals,1254112,KH Pandya,13,0,1.0,1.0,15,0,0,20.0
109,Delhi Capitals,Mumbai Indians,1254112,PP Shaw,6,0,0.0,1.0,7,0,0,11.0
110,Delhi Capitals,Mumbai Indians,1254112,R Ashwin,20,0,1.0,0.0,21,0,0,26.0
111,Delhi Capitals,Mumbai Indians,1254112,RR Pant,27,0,1.0,3.0,22,0,0,36.0
113,Delhi Capitals,Mumbai Indians,1254112,SO Hetmyer,15,0,0.0,2.0,8,0,0,21.0
112,Delhi Capitals,Mumbai Indians,1254112,S Dhawan,8,0,1.0,0.0,7,0,0,14.0
115,Delhi Capitals,Mumbai Indians,1254112,SS Iyer,37,0,0.0,2.0,35,0,0,43.0
291,Mumbai Indians,Delhi Capitals,1254112,NM Coulter-Nile,1,0,0.0,0.0,2,0,0,5.0
292,Mumbai Indians,Delhi Capitals,1254112,Q de Kock,19,0,1.0,1.0,18,0,0,26.0
293,Mumbai Indians,Delhi Capitals,1254112,RG Sharma,8,0,0.0,1.0,10,0,0,13.0
294,Mumbai Indians,Delhi Capitals,1254112,SA Yadav,33,0,2.0,2.0,26,0,0,43.0
295,Mumbai Indians,Delhi Capitals,1254112,SS Tiwary,16,0,0.0,1.0,19,0,0,21.0
114,Delhi Capitals,Mumbai Indians,1254112,SPD Smith,9,0,1.0,0.0,8,0,0,15.0
71,Chennai Super Kings,Royal Challengers Bangalore,1254113,Suresh Raina,18,0,1.0,2.0,11,0,0,26.0
563,Royal Challengers Bangalore,Chennai Super Kings,1254113,GJ Maxwell,11,0,1.0,0.0,9,0,0,17.0
564,Royal Challengers Bangalore,Chennai Super Kings,1254113,HV Patel,3,0,0.0,0.0,5,0,0,7.0
565,Royal Challengers Bangalore,Chennai Super Kings,1254113,Tim David,1,0,0.0,0.0,3,0,0,5.0
567,Royal Challengers Bangalore,Chennai Super Kings,1254113,Wanindu Hasaranga de Silva,1,0,0.0,0.0,1,0,0,5.0
66,Chennai Super Kings,Royal Challengers Bangalore,1254113,AS Raut,39,0,1.0,4.0,26,0,0,49.0
67,Chennai Super Kings,Royal Challengers Bangalore,1254113,AT Rayudu,33,0,1.0,3.0,22,0,0,42.0
70,Chennai Super Kings,Royal Challengers Bangalore,1254113,MS Dhoni,11,0,0.0,2.0,9,0,0,17.0
69,Chennai Super Kings,Royal Challengers Bangalore,1254113,MM Ali,24,0,2.0,0.0,19,0,0,32.0
68,Chennai Super Kings,Royal Challengers Bangalore,1254113,F du Plessis,32,0,2.0,2.0,26,0,0,42.0
561,Royal Challengers Bangalore,Chennai Super Kings,1254113,AB de Villiers,13,0,1.0,0.0,11,0,0,19.0
566,Royal Challengers Bangalore,Chennai Super Kings,1254113,V Kohli,54,0,1.0,6.0,41,1,0,74.0
562,Royal Challengers Bangalore,Chennai Super Kings,1254113,Devdutt Padikkal,73,0,3.0,5.0,51,1,0,96.0
