battingteam,bowlingteam,matchid,batsmanname,0
Chennai Super Kings,Delhi Capitals,1254059,AS Raut,77.77777777777779
Chennai Super Kings,Delhi Capitals,1254059,AT Rayudu,175.0
Chennai Super Kings,Delhi Capitals,1254059,F du Plessis,0.0
Chennai Super Kings,Delhi Capitals,1254059,MM Ali,150.0
Chennai Super Kings,Delhi Capitals,1254059,MS Dhoni,0.0
Chennai Super Kings,Delhi Capitals,1254059,RA Jadeja,158.8235294117647
Chennai Super Kings,Delhi Capitals,1254059,SM Curran,218.75
Chennai Super Kings,Delhi Capitals,1254059,Suresh Raina,152.77777777777777
Chennai Super Kings,Kolkata Knight Riders,1254072,AS Raut,165.0
Chennai Super Kings,Kolkata Knight Riders,1254072,F du Plessis,162.29508196721312
Chennai Super Kings,Kolkata Knight Riders,1254072,MM Ali,230.76923076923075
Chennai Super Kings,Kolkata Knight Riders,1254072,MS Dhoni,211.11111111111111
Chennai Super Kings,Kolkata Knight Riders,1254072,RA Jadeja,600.0
Chennai Super Kings,Kolkata Knight Riders,1254098,AS Raut,142.85714285714286
Chennai Super Kings,Kolkata Knight Riders,1254098,AT Rayudu,110.00000000000001
Chennai Super Kings,Kolkata Knight Riders,1254098,DL Chahar,100.0
Chennai Super Kings,Kolkata Knight Riders,1254098,F du Plessis,146.66666666666666
Chennai Super Kings,Kolkata Knight Riders,1254098,MM Ali,113.79310344827587
Chennai Super Kings,Kolkata Knight Riders,1254098,MS Dhoni,50.0
Chennai Super Kings,Kolkata Knight Riders,1254098,RA Jadeja,275.0
Chennai Super Kings,Kolkata Knight Riders,1254098,SM Curran,100.0
Chennai Super Kings,Kolkata Knight Riders,1254098,SN Thakur,150.0
Chennai Super Kings,Kolkata Knight Riders,1254098,Suresh Raina,171.42857142857142
Chennai Super Kings,Mumbai Indians,1254084,AS Raut,100.0
Chennai Super Kings,Mumbai Indians,1254084,AT Rayudu,284.61538461538464
Chennai Super Kings,Mumbai Indians,1254084,F du Plessis,178.57142857142858
Chennai Super Kings,Mumbai Indians,1254084,MM Ali,166.66666666666669
Chennai Super Kings,Mumbai Indians,1254084,RA Jadeja,112.00000000000001
Chennai Super Kings,Mumbai Indians,1254084,Suresh Raina,50.0
Chennai Super Kings,Mumbai Indians,1254104,AS Raut,155.17241379310346
Chennai Super Kings,Mumbai Indians,1254104,AT Rayudu,33.33333333333333
Chennai Super Kings,Mumbai Indians,1254104,DJ Bravo,266.66666666666663
Chennai Super Kings,Mumbai Indians,1254104,F du Plessis,0.0
Chennai Super Kings,Mumbai Indians,1254104,MM Ali,0.0
Chennai Super Kings,Mumbai Indians,1254104,MS Dhoni,60.0
Chennai Super Kings,Mumbai Indians,1254104,RA Jadeja,91.66666666666666
Chennai Super Kings,Mumbai Indians,1254104,SN Thakur,100.0
Chennai Super Kings,Mumbai Indians,1254104,Suresh Raina,66.66666666666666
Chennai Super Kings,Punjab Kings,1254065,AS Raut,31.25
Chennai Super Kings,Punjab Kings,1254065,AT Rayudu,0.0
Chennai Super Kings,Punjab Kings,1254065,F du Plessis,124.24242424242425
Chennai Super Kings,Punjab Kings,1254065,MM Ali,146.875
Chennai Super Kings,Punjab Kings,1254065,SM Curran,125.0
Chennai Super Kings,Punjab Kings,1254065,Suresh Raina,90.0
Chennai Super Kings,Rajasthan Royals,1254069,AS Raut,76.92307692307693
Chennai Super Kings,Rajasthan Royals,1254069,AT Rayudu,170.58823529411765
Chennai Super Kings,Rajasthan Royals,1254069,DJ Bravo,275.0
Chennai Super Kings,Rajasthan Royals,1254069,F du Plessis,194.11764705882354
Chennai Super Kings,Rajasthan Royals,1254069,MM Ali,152.38095238095238
Chennai Super Kings,Rajasthan Royals,1254069,MS Dhoni,105.88235294117648
Chennai Super Kings,Rajasthan Royals,1254069,RA Jadeja,128.57142857142858
Chennai Super Kings,Rajasthan Royals,1254069,SM Curran,216.66666666666666
Chennai Super Kings,Rajasthan Royals,1254069,SN Thakur,200.0
Chennai Super Kings,Rajasthan Royals,1254069,Suresh Raina,117.64705882352942
Chennai Super Kings,Rajasthan Royals,1254089,AS Raut,168.85245901639345
Chennai Super Kings,Rajasthan Royals,1254089,AT Rayudu,50.0
Chennai Super Kings,Rajasthan Royals,1254089,F du Plessis,131.57894736842107
Chennai Super Kings,Rajasthan Royals,1254089,MM Ali,122.22222222222223
Chennai Super Kings,Rajasthan Royals,1254089,RA Jadeja,226.66666666666666
Chennai Super Kings,Rajasthan Royals,1254089,Suresh Raina,60.0
Chennai Super Kings,Royal Challengers Bangalore,1254076,AS Raut,134.6153846153846
Chennai Super Kings,Royal Challengers Bangalore,1254076,AT Rayudu,200.0
Chennai Super Kings,Royal Challengers Bangalore,1254076,F du Plessis,121.42857142857142
Chennai Super Kings,Royal Challengers Bangalore,1254076,MS Dhoni,66.66666666666666
Chennai Super Kings,Royal Challengers Bangalore,1254076,RA Jadeja,228.57142857142856
Chennai Super Kings,Royal Challengers Bangalore,1254076,Suresh Raina,138.88888888888889
Chennai Super Kings,Royal Challengers Bangalore,1254113,AS Raut,150.0
Chennai Super Kings,Royal Challengers Bangalore,1254113,AT Rayudu,150.0
Chennai Super Kings,Royal Challengers Bangalore,1254113,F du Plessis,123.07692307692308
Chennai Super Kings,Royal Challengers Bangalore,1254113,MM Ali,126.3157894736842
Chennai Super Kings,Royal Challengers Bangalore,1254113,MS Dhoni,122.22222222222223
Chennai Super Kings,Royal Challengers Bangalore,1254113,Suresh Raina,163.63636363636365
Chennai Super Kings,Sunrisers Hyderabad,1254080,AS Raut,168.88888888888889
Chennai Super Kings,Sunrisers Hyderabad,1254080,F du Plessis,147.36842105263156
Chennai Super Kings,Sunrisers Hyderabad,1254080,MM Ali,177.77777777777777
Chennai Super Kings,Sunrisers Hyderabad,1254080,RA Jadeja,133.33333333333331
Chennai Super Kings,Sunrisers Hyderabad,1254080,Suresh Raina,113.33333333333333
Chennai Super Kings,Sunrisers Hyderabad,1254091,AS Raut,121.05263157894737
Chennai Super Kings,Sunrisers Hyderabad,1254091,AT Rayudu,130.76923076923077
Chennai Super Kings,Sunrisers Hyderabad,1254091,F du Plessis,113.88888888888889
Chennai Super Kings,Sunrisers Hyderabad,1254091,MM Ali,100.0
Chennai Super Kings,Sunrisers Hyderabad,1254091,MS Dhoni,125.0
Chennai Super Kings,Sunrisers Hyderabad,1254091,Suresh Raina,75.0
Delhi Capitals,Chennai Super Kings,1254059,MP Stoinis,166.66666666666669
Delhi Capitals,Chennai Super Kings,1254059,PP Shaw,189.4736842105263
Delhi Capitals,Chennai Super Kings,1254059,RR Pant,123.07692307692308
Delhi Capitals,Chennai Super Kings,1254059,S Dhawan,161.11111111111111
Delhi Capitals,Kolkata Knight Riders,1254082,MP Stoinis,200.0
Delhi Capitals,Kolkata Knight Riders,1254082,PP Shaw,204.76190476190476
Delhi Capitals,Kolkata Knight Riders,1254082,RR Pant,200.0
Delhi Capitals,Kolkata Knight Riders,1254082,S Dhawan,100.0
Delhi Capitals,Kolkata Knight Riders,1254082,SO Hetmyer,0.0
Delhi Capitals,Kolkata Knight Riders,1254092,AR Patel,33.33333333333333
Delhi Capitals,Kolkata Knight Riders,1254092,Avesh Khan,166.66666666666669
Delhi Capitals,Kolkata Knight Riders,1254092,K Rabada,0.0
Delhi Capitals,Kolkata Knight Riders,1254092,L Yadav,0.0
Delhi Capitals,Kolkata Knight Riders,1254092,R Ashwin,125.0
Delhi Capitals,Kolkata Knight Riders,1254092,RR Pant,110.8108108108108
Delhi Capitals,Kolkata Knight Riders,1254092,S Dhawan,120.0
Delhi Capitals,Kolkata Knight Riders,1254092,SO Hetmyer,80.0
Delhi Capitals,Kolkata Knight Riders,1254092,SPD Smith,114.70588235294117
Delhi Capitals,Kolkata Knight Riders,1254092,SS Iyer,33.33333333333333
Delhi Capitals,Mumbai Indians,1254070,L Yadav,100.0
Delhi Capitals,Mumbai Indians,1254070,PP Shaw,140.0
Delhi Capitals,Mumbai Indians,1254070,RR Pant,88.88888888888889
Delhi Capitals,Mumbai Indians,1254070,S Dhawan,111.90476190476191
Delhi Capitals,Mumbai Indians,1254070,SO Hetmyer,187.5
Delhi Capitals,Mumbai Indians,1254070,SPD Smith,120.6896551724138
Delhi Capitals,Mumbai Indians,1254112,AR Patel,100.0
Delhi Capitals,Mumbai Indians,1254112,PP Shaw,85.71428571428571
Delhi Capitals,Mumbai Indians,1254112,R Ashwin,95.23809523809523
Delhi Capitals,Mumbai Indians,1254112,RR Pant,122.72727272727273
Delhi Capitals,Mumbai Indians,1254112,S Dhawan,114.28571428571428
Delhi Capitals,Mumbai Indians,1254112,SO Hetmyer,187.5
Delhi Capitals,Mumbai Indians,1254112,SPD Smith,112.5
Delhi Capitals,Mumbai Indians,1254112,SS Iyer,105.71428571428572
Delhi Capitals,Punjab Kings,1254068,L Yadav,216.66666666666666
Delhi Capitals,Punjab Kings,1254068,MP Stoinis,233.33333333333334
Delhi Capitals,Punjab Kings,1254068,PP Shaw,188.23529411764704
Delhi Capitals,Punjab Kings,1254068,RR Pant,106.25
Delhi Capitals,Punjab Kings,1254068,S Dhawan,200.0
Delhi Capitals,Punjab Kings,1254068,SPD Smith,83.33333333333334
Delhi Capitals,Punjab Kings,1254086,PP Shaw,177.27272727272728
Delhi Capitals,Punjab Kings,1254086,RR Pant,127.27272727272727
Delhi Capitals,Punjab Kings,1254086,S Dhawan,151.06382978723406
Delhi Capitals,Punjab Kings,1254086,SO Hetmyer,450.0
Delhi Capitals,Punjab Kings,1254086,SPD Smith,113.63636363636364
Delhi Capitals,Rajasthan Royals,1254064,AM Rahane,111.11111111111111
Delhi Capitals,Rajasthan Royals,1254064,Chris Woakes,136.36363636363635
Delhi Capitals,Rajasthan Royals,1254064,K Rabada,225.0
Delhi Capitals,Rajasthan Royals,1254064,L Yadav,84.0
Delhi Capitals,Rajasthan Royals,1254064,MP Stoinis,0.0
Delhi Capitals,Rajasthan Royals,1254064,PP Shaw,40.0
Delhi Capitals,Rajasthan Royals,1254064,R Ashwin,200.0
Delhi Capitals,Rajasthan Royals,1254064,RR Pant,162.5
Delhi Capitals,Rajasthan Royals,1254064,S Dhawan,81.81818181818183
Delhi Capitals,Rajasthan Royals,1254064,TK Curran,131.25
Delhi Capitals,Rajasthan Royals,1254097,AR Patel,187.5
Delhi Capitals,Rajasthan Royals,1254097,L Yadav,100.0
Delhi Capitals,Rajasthan Royals,1254097,PP Shaw,83.33333333333334
Delhi Capitals,Rajasthan Royals,1254097,R Ashwin,133.33333333333331
Delhi Capitals,Rajasthan Royals,1254097,RR Pant,100.0
Delhi Capitals,Rajasthan Royals,1254097,S Dhawan,100.0
Delhi Capitals,Rajasthan Royals,1254097,SO Hetmyer,170.58823529411765
Delhi Capitals,Rajasthan Royals,1254097,SS Iyer,140.625
Delhi Capitals,Royal Challengers Bangalore,1254079,MP Stoinis,129.41176470588235
Delhi Capitals,Royal Challengers Bangalore,1254079,PP Shaw,138.88888888888889
Delhi Capitals,Royal Challengers Bangalore,1254079,RR Pant,125.0
Delhi Capitals,Royal Challengers Bangalore,1254079,S Dhawan,85.71428571428571
Delhi Capitals,Royal Challengers Bangalore,1254079,SO Hetmyer,212.0
Delhi Capitals,Royal Challengers Bangalore,1254079,SPD Smith,80.0
Delhi Capitals,Sunrisers Hyderabad,1254077,MP Stoinis,100.0
Delhi Capitals,Sunrisers Hyderabad,1254077,PP Shaw,138.46153846153845
Delhi Capitals,Sunrisers Hyderabad,1254077,RR Pant,140.74074074074073
Delhi Capitals,Sunrisers Hyderabad,1254077,S Dhawan,111.53846153846155
Delhi Capitals,Sunrisers Hyderabad,1254077,SO Hetmyer,50.0
Delhi Capitals,Sunrisers Hyderabad,1254077,SPD Smith,140.0
Delhi Capitals,Sunrisers Hyderabad,1254105,PP Shaw,137.5
Delhi Capitals,Sunrisers Hyderabad,1254105,RR Pant,176.19047619047618
Delhi Capitals,Sunrisers Hyderabad,1254105,S Dhawan,113.51351351351352
Delhi Capitals,Sunrisers Hyderabad,1254105,SS Iyer,116.66666666666667
Kolkata Knight Riders,Chennai Super Kings,1254072,AD Russell,271.42857142857144
Kolkata Knight Riders,Chennai Super Kings,1254072,EJG Morgan,100.0
Kolkata Knight Riders,Chennai Super Kings,1254072,KD Karthik,166.66666666666669
Kolkata Knight Riders,Chennai Super Kings,1254072,Kamlesh Nagarkoti,0.0
Kolkata Knight Riders,Chennai Super Kings,1254072,M Prasidh Krishna,0.0
Kolkata Knight Riders,Chennai Super Kings,1254072,N Rana,91.66666666666666
Kolkata Knight Riders,Chennai Super Kings,1254072,PJ Cummins,217.6470588235294
Kolkata Knight Riders,Chennai Super Kings,1254072,RA Tripathi,88.88888888888889
Kolkata Knight Riders,Chennai Super Kings,1254072,SP Narine,133.33333333333331
Kolkata Knight Riders,Chennai Super Kings,1254072,Shubman Gill,0.0
Kolkata Knight Riders,Chennai Super Kings,1254072,Varun Chakravarthy,0.0
Kolkata Knight Riders,Chennai Super Kings,1254098,AD Russell,133.33333333333331
Kolkata Knight Riders,Chennai Super Kings,1254098,EJG Morgan,57.14285714285714
Kolkata Knight Riders,Chennai Super Kings,1254098,KD Karthik,245.45454545454547
Kolkata Knight Riders,Chennai Super Kings,1254098,N Rana,141.3793103448276
Kolkata Knight Riders,Chennai Super Kings,1254098,RA Tripathi,139.3939393939394
Kolkata Knight Riders,Chennai Super Kings,1254098,SP Narine,100.0
Kolkata Knight Riders,Chennai Super Kings,1254098,Shubman Gill,180.0
Kolkata Knight Riders,Chennai Super Kings,1254098,Venkatesh Iyer,118.75
Kolkata Knight Riders,Delhi Capitals,1254082,AD Russell,166.66666666666669
Kolkata Knight Riders,Delhi Capitals,1254082,EJG Morgan,50.0
Kolkata Knight Riders,Delhi Capitals,1254082,KD Karthik,140.0
Kolkata Knight Riders,Delhi Capitals,1254082,N Rana,125.0
Kolkata Knight Riders,Delhi Capitals,1254082,PJ Cummins,114.28571428571428
Kolkata Knight Riders,Delhi Capitals,1254082,RA Tripathi,111.76470588235294
Kolkata Knight Riders,Delhi Capitals,1254082,SP Narine,0.0
Kolkata Knight Riders,Delhi Capitals,1254082,Shubman Gill,115.78947368421053
Kolkata Knight Riders,Delhi Capitals,1254092,EJG Morgan,0.0
Kolkata Knight Riders,Delhi Capitals,1254092,KD Karthik,85.71428571428571
Kolkata Knight Riders,Delhi Capitals,1254092,N Rana,148.14814814814815
Kolkata Knight Riders,Delhi Capitals,1254092,RA Tripathi,180.0
Kolkata Knight Riders,Delhi Capitals,1254092,SP Narine,210.0
Kolkata Knight Riders,Delhi Capitals,1254092,Shubman Gill,90.9090909090909
Kolkata Knight Riders,Delhi Capitals,1254092,Tim Southee,60.0
Kolkata Knight Riders,Delhi Capitals,1254092,Venkatesh Iyer,100.0
Kolkata Knight Riders,Mumbai Indians,1254062,AD Russell,71.42857142857143
Kolkata Knight Riders,Mumbai Indians,1254062,EJG Morgan,100.0
Kolkata Knight Riders,Mumbai Indians,1254062,Harbhajan Singh,100.0
Kolkata Knight Riders,Mumbai Indians,1254062,KD Karthik,72.72727272727273
Kolkata Knight Riders,Mumbai Indians,1254062,N Rana,133.33333333333331
Kolkata Knight Riders,Mumbai Indians,1254062,PJ Cummins,0.0
Kolkata Knight Riders,Mumbai Indians,1254062,RA Tripathi,100.0
Kolkata Knight Riders,Mumbai Indians,1254062,Shakib Al Hasan,144.44444444444443
Kolkata Knight Riders,Mumbai Indians,1254062,Shubman Gill,137.5
Kolkata Knight Riders,Mumbai Indians,1254096,EJG Morgan,87.5
Kolkata Knight Riders,Mumbai Indians,1254096,N Rana,250.0
Kolkata Knight Riders,Mumbai Indians,1254096,RA Tripathi,178.57142857142858
Kolkata Knight Riders,Mumbai Indians,1254096,Shubman Gill,144.44444444444443
Kolkata Knight Riders,Mumbai Indians,1254096,Venkatesh Iyer,184.375
Kolkata Knight Riders,Punjab Kings,1254078,AD Russell,111.11111111111111
Kolkata Knight Riders,Punjab Kings,1254078,EJG Morgan,117.5
Kolkata Knight Riders,Punjab Kings,1254078,KD Karthik,200.0
Kolkata Knight Riders,Punjab Kings,1254078,N Rana,0.0
Kolkata Knight Riders,Punjab Kings,1254078,RA Tripathi,143.75
Kolkata Knight Riders,Punjab Kings,1254078,SP Narine,40.0
Kolkata Knight Riders,Punjab Kings,1254078,Shubman Gill,112.5
Kolkata Knight Riders,Punjab Kings,1254102,EJG Morgan,100.0
Kolkata Knight Riders,Punjab Kings,1254102,KD Karthik,109.09090909090908
Kolkata Knight Riders,Punjab Kings,1254102,N Rana,172.22222222222223
Kolkata Knight Riders,Punjab Kings,1254102,RA Tripathi,129.62962962962962
Kolkata Knight Riders,Punjab Kings,1254102,SP Narine,133.33333333333331
Kolkata Knight Riders,Punjab Kings,1254102,Shubman Gill,114.28571428571428
Kolkata Knight Riders,Punjab Kings,1254102,Tim Seifert,100.0
Kolkata Knight Riders,Punjab Kings,1254102,Venkatesh Iyer,138.77551020408163
Kolkata Knight Riders,Rajasthan Royals,1254075,AD Russell,162.5
Kolkata Knight Riders,Rajasthan Royals,1254075,KD Karthik,108.33333333333333
Kolkata Knight Riders,Rajasthan Royals,1254075,N Rana,92.3076923076923
Kolkata Knight Riders,Rajasthan Royals,1254075,PJ Cummins,183.33333333333331
Kolkata Knight Riders,Rajasthan Royals,1254075,RA Tripathi,142.30769230769232
Kolkata Knight Riders,Rajasthan Royals,1254075,SP Narine,85.71428571428571
Kolkata Knight Riders,Rajasthan Royals,1254075,Shivam Mavi,71.42857142857143
Kolkata Knight Riders,Rajasthan Royals,1254075,Shubman Gill,57.89473684210527
Kolkata Knight Riders,Royal Challengers Bangalore,1254067,AD Russell,160.0
Kolkata Knight Riders,Royal Challengers Bangalore,1254067,EJG Morgan,129.16666666666669
Kolkata Knight Riders,Royal Challengers Bangalore,1254067,Harbhajan Singh,100.0
Kolkata Knight Riders,Royal Challengers Bangalore,1254067,KD Karthik,40.0
Kolkata Knight Riders,Royal Challengers Bangalore,1254067,N Rana,163.63636363636365
Kolkata Knight Riders,Royal Challengers Bangalore,1254067,PJ Cummins,300.0
Kolkata Knight Riders,Royal Challengers Bangalore,1254067,RA Tripathi,125.0
Kolkata Knight Riders,Royal Challengers Bangalore,1254067,Shakib Al Hasan,104.0
Kolkata Knight Riders,Royal Challengers Bangalore,1254067,Shubman Gill,220.00000000000003
Kolkata Knight Riders,Royal Challengers Bangalore,1254067,Varun Chakravarthy,66.66666666666666
Kolkata Knight Riders,Royal Challengers Bangalore,1254087,Shubman Gill,148.57142857142858
Kolkata Knight Riders,Royal Challengers Bangalore,1254087,Venkatesh Iyer,155.55555555555557
Kolkata Knight Riders,Sunrisers Hyderabad,1254060,AD Russell,166.66666666666669
Kolkata Knight Riders,Sunrisers Hyderabad,1254060,EJG Morgan,66.66666666666666
Kolkata Knight Riders,Sunrisers Hyderabad,1254060,KD Karthik,255.55555555555554
Kolkata Knight Riders,Sunrisers Hyderabad,1254060,N Rana,142.85714285714286
Kolkata Knight Riders,Sunrisers Hyderabad,1254060,RA Tripathi,182.75862068965517
Kolkata Knight Riders,Sunrisers Hyderabad,1254060,Shakib Al Hasan,66.66666666666666
Kolkata Knight Riders,Sunrisers Hyderabad,1254060,Shubman Gill,115.38461538461537
Kolkata Knight Riders,Sunrisers Hyderabad,1254109,EJG Morgan,100.0
Kolkata Knight Riders,Sunrisers Hyderabad,1254109,KD Karthik,150.0
Kolkata Knight Riders,Sunrisers Hyderabad,1254109,N Rana,81.81818181818183
Kolkata Knight Riders,Sunrisers Hyderabad,1254109,RA Tripathi,116.66666666666667
Kolkata Knight Riders,Sunrisers Hyderabad,1254109,Shubman Gill,111.76470588235294
Kolkata Knight Riders,Sunrisers Hyderabad,1254109,Venkatesh Iyer,57.14285714285714
Mumbai Indians,Chennai Super Kings,1254084,HH Pandya,228.57142857142856
Mumbai Indians,Chennai Super Kings,1254084,JDS Neesham,0.0
Mumbai Indians,Chennai Super Kings,1254084,KA Pollard,255.55555555555554
Mumbai Indians,Chennai Super Kings,1254084,KH Pandya,139.1304347826087
Mumbai Indians,Chennai Super Kings,1254084,Q de Kock,134.48275862068965
Mumbai Indians,Chennai Super Kings,1254084,RG Sharma,148.0
Mumbai Indians,Chennai Super Kings,1254084,SA Yadav,100.0
Mumbai Indians,Chennai Super Kings,1254104,A Singh,114.28571428571428
Mumbai Indians,Chennai Super Kings,1254104,Adam Milne,113.33333333333333
Mumbai Indians,Chennai Super Kings,1254104,Ishan Kishan,110.00000000000001
Mumbai Indians,Chennai Super Kings,1254104,JJ Bumrah,50.0
Mumbai Indians,Chennai Super Kings,1254104,KA Pollard,114.28571428571428
Mumbai Indians,Chennai Super Kings,1254104,KH Pandya,80.0
Mumbai Indians,Chennai Super Kings,1254104,Q de Kock,141.66666666666669
Mumbai Indians,Chennai Super Kings,1254104,RD Chahar,0.0
Mumbai Indians,Chennai Super Kings,1254104,SA Yadav,42.857142857142854
Mumbai Indians,Chennai Super Kings,1254104,SS Tiwary,124.39024390243902
Mumbai Indians,Delhi Capitals,1254070,AS Yadav,104.54545454545455
Mumbai Indians,Delhi Capitals,1254070,HH Pandya,0.0
Mumbai Indians,Delhi Capitals,1254070,Ishan Kishan,92.85714285714286
Mumbai Indians,Delhi Capitals,1254070,JJ Bumrah,100.0
Mumbai Indians,Delhi Capitals,1254070,KA Pollard,40.0
Mumbai Indians,Delhi Capitals,1254070,KH Pandya,20.0
Mumbai Indians,Delhi Capitals,1254070,Q de Kock,75.0
Mumbai Indians,Delhi Capitals,1254070,RD Chahar,100.0
Mumbai Indians,Delhi Capitals,1254070,RG Sharma,160.0
Mumbai Indians,Delhi Capitals,1254070,SA Yadav,160.0
Mumbai Indians,Delhi Capitals,1254070,TA Boult,100.0
Mumbai Indians,Delhi Capitals,1254112,AS Yadav,275.0
Mumbai Indians,Delhi Capitals,1254112,HH Pandya,100.0
Mumbai Indians,Delhi Capitals,1254112,JJ Bumrah,100.0
Mumbai Indians,Delhi Capitals,1254112,KA Pollard,81.81818181818183
Mumbai Indians,Delhi Capitals,1254112,KH Pandya,86.66666666666667
Mumbai Indians,Delhi Capitals,1254112,NM Coulter-Nile,50.0
Mumbai Indians,Delhi Capitals,1254112,Q de Kock,105.55555555555556
Mumbai Indians,Delhi Capitals,1254112,RG Sharma,80.0
Mumbai Indians,Delhi Capitals,1254112,SA Yadav,126.92307692307692
Mumbai Indians,Delhi Capitals,1254112,SS Tiwary,84.21052631578947
Mumbai Indians,Kolkata Knight Riders,1254062,HH Pandya,88.23529411764706
Mumbai Indians,Kolkata Knight Riders,1254062,Ishan Kishan,33.33333333333333
Mumbai Indians,Kolkata Knight Riders,1254062,JJ Bumrah,0.0
Mumbai Indians,Kolkata Knight Riders,1254062,KA Pollard,62.5
Mumbai Indians,Kolkata Knight Riders,1254062,KH Pandya,211.11111111111111
Mumbai Indians,Kolkata Knight Riders,1254062,Marco Jansen,50.0
Mumbai Indians,Kolkata Knight Riders,1254062,Q de Kock,33.33333333333333
Mumbai Indians,Kolkata Knight Riders,1254062,RD Chahar,114.28571428571428
Mumbai Indians,Kolkata Knight Riders,1254062,RG Sharma,134.375
Mumbai Indians,Kolkata Knight Riders,1254062,SA Yadav,156.75675675675674
Mumbai Indians,Kolkata Knight Riders,1254096,Adam Milne,100.0
Mumbai Indians,Kolkata Knight Riders,1254096,Ishan Kishan,115.38461538461537
Mumbai Indians,Kolkata Knight Riders,1254096,KA Pollard,160.0
Mumbai Indians,Kolkata Knight Riders,1254096,KH Pandya,133.33333333333331
Mumbai Indians,Kolkata Knight Riders,1254096,Q de Kock,135.71428571428572
Mumbai Indians,Kolkata Knight Riders,1254096,RG Sharma,112.90322580645163
Mumbai Indians,Kolkata Knight Riders,1254096,SA Yadav,60.0
Mumbai Indians,Kolkata Knight Riders,1254096,SS Tiwary,250.0
Mumbai Indians,Punjab Kings,1254074,HH Pandya,50.0
Mumbai Indians,Punjab Kings,1254074,Ishan Kishan,35.294117647058826
Mumbai Indians,Punjab Kings,1254074,KA Pollard,166.66666666666669
Mumbai Indians,Punjab Kings,1254074,KH Pandya,100.0
Mumbai Indians,Punjab Kings,1254074,Q de Kock,60.0
Mumbai Indians,Punjab Kings,1254074,RG Sharma,121.15384615384615
Mumbai Indians,Punjab Kings,1254074,SA Yadav,121.42857142857142
Mumbai Indians,Punjab Kings,1254099,HH Pandya,133.33333333333331
Mumbai Indians,Punjab Kings,1254099,KA Pollard,200.0
Mumbai Indians,Punjab Kings,1254099,Q de Kock,96.55172413793103
Mumbai Indians,Punjab Kings,1254099,RG Sharma,80.0
Mumbai Indians,Punjab Kings,1254099,SA Yadav,0.0
Mumbai Indians,Punjab Kings,1254099,SS Tiwary,121.62162162162163
Mumbai Indians,Rajasthan Royals,1254081,KA Pollard,250.0
Mumbai Indians,Rajasthan Royals,1254081,KH Pandya,151.85185185185185
Mumbai Indians,Rajasthan Royals,1254081,Q de Kock,160.0
Mumbai Indians,Rajasthan Royals,1254081,RG Sharma,88.23529411764706
Mumbai Indians,Rajasthan Royals,1254081,SA Yadav,160.0
Mumbai Indians,Royal Challengers Bangalore,1254058,CA Lynn,142.85714285714286
Mumbai Indians,Royal Challengers Bangalore,1254058,HH Pandya,130.0
Mumbai Indians,Royal Challengers Bangalore,1254058,Ishan Kishan,145.0
Mumbai Indians,Royal Challengers Bangalore,1254058,JJ Bumrah,50.0
Mumbai Indians,Royal Challengers Bangalore,1254058,KA Pollard,77.77777777777779
Mumbai Indians,Royal Challengers Bangalore,1254058,KH Pandya,114.28571428571428
Mumbai Indians,Royal Challengers Bangalore,1254058,Marco Jansen,0.0
Mumbai Indians,Royal Challengers Bangalore,1254058,RG Sharma,126.66666666666666
Mumbai Indians,Royal Challengers Bangalore,1254058,SA Yadav,139.1304347826087
Mumbai Indians,Royal Challengers Bangalore,1254108,Adam Milne,0.0
Mumbai Indians,Royal Challengers Bangalore,1254108,HH Pandya,57.14285714285714
Mumbai Indians,Royal Challengers Bangalore,1254108,Ishan Kishan,75.0
Mumbai Indians,Royal Challengers Bangalore,1254108,JJ Bumrah,83.33333333333334
Mumbai Indians,Royal Challengers Bangalore,1254108,KA Pollard,70.0
Mumbai Indians,Royal Challengers Bangalore,1254108,KH Pandya,54.54545454545454
Mumbai Indians,Royal Challengers Bangalore,1254108,Q de Kock,108.69565217391303
Mumbai Indians,Royal Challengers Bangalore,1254108,RD Chahar,0.0
Mumbai Indians,Royal Challengers Bangalore,1254108,RG Sharma,170.37037037037038
Mumbai Indians,Royal Challengers Bangalore,1254108,SA Yadav,100.0
Mumbai Indians,Royal Challengers Bangalore,1254108,TA Boult,0.0
Mumbai Indians,Sunrisers Hyderabad,1254066,HH Pandya,133.33333333333331
Mumbai Indians,Sunrisers Hyderabad,1254066,Ishan Kishan,61.904761904761905
Mumbai Indians,Sunrisers Hyderabad,1254066,KA Pollard,168.1818181818182
Mumbai Indians,Sunrisers Hyderabad,1254066,KH Pandya,100.0
Mumbai Indians,Sunrisers Hyderabad,1254066,Q de Kock,107.6923076923077
Mumbai Indians,Sunrisers Hyderabad,1254066,RG Sharma,148.0
Mumbai Indians,Sunrisers Hyderabad,1254066,SA Yadav,166.66666666666669
Punjab Kings,Chennai Super Kings,1254065,CH Gayle,100.0
Punjab Kings,Chennai Super Kings,1254065,DJ Hooda,68.75
Punjab Kings,Chennai Super Kings,1254065,Jhye Richardson,69.56521739130434
Punjab Kings,Chennai Super Kings,1254065,KL Rahul,71.42857142857143
Punjab Kings,Chennai Super Kings,1254065,M Ashwin,42.857142857142854
Punjab Kings,Chennai Super Kings,1254065,MA Agarwal,0.0
Punjab Kings,Chennai Super Kings,1254065,Mohammed Shami,75.0
Punjab Kings,Chennai Super Kings,1254065,N Pooran,0.0
Punjab Kings,Chennai Super Kings,1254065,Shahrukh Khan,128.94736842105263
Punjab Kings,Delhi Capitals,1254068,CH Gayle,122.22222222222223
Punjab Kings,Delhi Capitals,1254068,DJ Hooda,184.6153846153846
Punjab Kings,Delhi Capitals,1254068,KL Rahul,127.45098039215685
Punjab Kings,Delhi Capitals,1254068,MA Agarwal,202.85714285714283
Punjab Kings,Delhi Capitals,1254068,N Pooran,112.5
Punjab Kings,Delhi Capitals,1254068,Shahrukh Khan,300.0
Punjab Kings,Delhi Capitals,1254086,CH Gayle,144.44444444444443
Punjab Kings,Delhi Capitals,1254086,CJ Jordan,66.66666666666666
Punjab Kings,Delhi Capitals,1254086,DJ Hooda,100.0
Punjab Kings,Delhi Capitals,1254086,Dawid Malan,103.84615384615385
Punjab Kings,Delhi Capitals,1254086,H Brar,266.66666666666663
Punjab Kings,Delhi Capitals,1254086,MA Agarwal,170.68965517241378
Punjab Kings,Delhi Capitals,1254086,Prabhsimran Singh,75.0
Punjab Kings,Delhi Capitals,1254086,Shahrukh Khan,80.0
Punjab Kings,Kolkata Knight Riders,1254078,Arshdeep Singh,100.0
Punjab Kings,Kolkata Knight Riders,1254078,CH Gayle,0.0
Punjab Kings,Kolkata Knight Riders,1254078,CJ Jordan,166.66666666666669
Punjab Kings,Kolkata Knight Riders,1254078,DJ Hooda,40.0
Punjab Kings,Kolkata Knight Riders,1254078,KL Rahul,95.0
Punjab Kings,Kolkata Knight Riders,1254078,MA Agarwal,97.14285714285714
Punjab Kings,Kolkata Knight Riders,1254078,Mohammed Shami,50.0
Punjab Kings,Kolkata Knight Riders,1254078,Moises Henriques,66.66666666666666
Punjab Kings,Kolkata Knight Riders,1254078,N Pooran,100.0
Punjab Kings,Kolkata Knight Riders,1254078,R Bishnoi,50.0
Punjab Kings,Kolkata Knight Riders,1254078,Shahrukh Khan,92.85714285714286
Punjab Kings,Kolkata Knight Riders,1254102,Aiden Markram,125.0
Punjab Kings,Kolkata Knight Riders,1254102,DJ Hooda,75.0
Punjab Kings,Kolkata Knight Riders,1254102,KL Rahul,123.21428571428572
Punjab Kings,Kolkata Knight Riders,1254102,MA Agarwal,155.55555555555557
Punjab Kings,Kolkata Knight Riders,1254102,N Pooran,171.42857142857142
Punjab Kings,Kolkata Knight Riders,1254102,Shahrukh Khan,244.44444444444446
Punjab Kings,Mumbai Indians,1254074,CH Gayle,127.77777777777777
Punjab Kings,Mumbai Indians,1254074,KL Rahul,115.38461538461537
Punjab Kings,Mumbai Indians,1254074,MA Agarwal,136.8421052631579
Punjab Kings,Mumbai Indians,1254099,Aiden Markram,143.33333333333334
Punjab Kings,Mumbai Indians,1254099,CH Gayle,25.0
Punjab Kings,Mumbai Indians,1254099,DJ Hooda,111.53846153846155
Punjab Kings,Mumbai Indians,1254099,H Brar,84.21052631578947
Punjab Kings,Mumbai Indians,1254099,KL Rahul,95.65217391304348
Punjab Kings,Mumbai Indians,1254099,Mandeep Singh,114.28571428571428
Punjab Kings,Mumbai Indians,1254099,N Pooran,66.66666666666666
Punjab Kings,Mumbai Indians,1254099,Nathan Ellis,150.0
Punjab Kings,Rajasthan Royals,1254061,CH Gayle,141.3793103448276
Punjab Kings,Rajasthan Royals,1254061,DJ Hooda,240.74074074074073
Punjab Kings,Rajasthan Royals,1254061,Jhye Richardson,0.0
Punjab Kings,Rajasthan Royals,1254061,KL Rahul,188.0
Punjab Kings,Rajasthan Royals,1254061,MA Agarwal,150.0
Punjab Kings,Rajasthan Royals,1254061,N Pooran,0.0
Punjab Kings,Rajasthan Royals,1254061,Shahrukh Khan,150.0
Punjab Kings,Rajasthan Royals,1254111,Aiden Markram,135.0
Punjab Kings,Rajasthan Royals,1254111,DJ Hooda,0.0
Punjab Kings,Rajasthan Royals,1254111,F Allen,0.0
Punjab Kings,Rajasthan Royals,1254111,KL Rahul,148.57142857142858
Punjab Kings,Rajasthan Royals,1254111,MA Agarwal,167.4418604651163
Punjab Kings,Rajasthan Royals,1254111,N Pooran,145.45454545454547
Punjab Kings,Royal Challengers Bangalore,1254083,CH Gayle,188.0
Punjab Kings,Royal Challengers Bangalore,1254083,DJ Hooda,55.55555555555556
Punjab Kings,Royal Challengers Bangalore,1254083,H Brar,152.94117647058823
Punjab Kings,Royal Challengers Bangalore,1254083,KL Rahul,163.1578947368421
Punjab Kings,Royal Challengers Bangalore,1254083,N Pooran,33.33333333333333
Punjab Kings,Royal Challengers Bangalore,1254083,Prabhsimran Singh,100.0
Punjab Kings,Royal Challengers Bangalore,1254083,Shahrukh Khan,0.0
Punjab Kings,Royal Challengers Bangalore,1254090,Aiden Markram,142.85714285714286
Punjab Kings,Royal Challengers Bangalore,1254090,H Brar,150.0
Punjab Kings,Royal Challengers Bangalore,1254090,KL Rahul,114.28571428571428
Punjab Kings,Royal Challengers Bangalore,1254090,MA Agarwal,143.1818181818182
Punjab Kings,Royal Challengers Bangalore,1254090,Moises Henriques,133.33333333333331
Punjab Kings,Royal Challengers Bangalore,1254090,N Pooran,42.857142857142854
Punjab Kings,Royal Challengers Bangalore,1254090,SN Khan,0.0
Punjab Kings,Royal Challengers Bangalore,1254090,Shahrukh Khan,154.54545454545453
Punjab Kings,Sunrisers Hyderabad,1254071,Arshdeep Singh,250.0
Punjab Kings,Sunrisers Hyderabad,1254071,CH Gayle,88.23529411764706
Punjab Kings,Sunrisers Hyderabad,1254071,DJ Hooda,118.18181818181819
Punjab Kings,Sunrisers Hyderabad,1254071,F Allen,70.0
Punjab Kings,Sunrisers Hyderabad,1254071,KL Rahul,66.66666666666666
Punjab Kings,Sunrisers Hyderabad,1254071,M Ashwin,90.0
Punjab Kings,Sunrisers Hyderabad,1254071,MA Agarwal,88.0
Punjab Kings,Sunrisers Hyderabad,1254071,Mohammed Shami,100.0
Punjab Kings,Sunrisers Hyderabad,1254071,Moises Henriques,105.88235294117648
Punjab Kings,Sunrisers Hyderabad,1254071,Shahrukh Khan,133.33333333333331
Punjab Kings,Sunrisers Hyderabad,1254107,Aiden Markram,90.625
Punjab Kings,Sunrisers Hyderabad,1254107,CH Gayle,94.11764705882352
Punjab Kings,Sunrisers Hyderabad,1254107,DJ Hooda,130.0
Punjab Kings,Sunrisers Hyderabad,1254107,H Brar,105.26315789473684
Punjab Kings,Sunrisers Hyderabad,1254107,KL Rahul,100.0
Punjab Kings,Sunrisers Hyderabad,1254107,MA Agarwal,83.33333333333334
Punjab Kings,Sunrisers Hyderabad,1254107,N Pooran,200.0
Punjab Kings,Sunrisers Hyderabad,1254107,Nathan Ellis,108.33333333333333
Rajasthan Royals,Chennai Super Kings,1254069,CH Morris,0.0
Rajasthan Royals,Chennai Super Kings,1254069,DA Miller,60.0
Rajasthan Royals,Chennai Super Kings,1254069,JC Buttler,148.57142857142858
Rajasthan Royals,Chennai Super Kings,1254069,JD Unadkat,155.55555555555557
Rajasthan Royals,Chennai Super Kings,1254069,M Vohra,127.27272727272727
Rajasthan Royals,Chennai Super Kings,1254069,Mustafizur Rahman,0.0
Rajasthan Royals,Chennai Super Kings,1254069,R Parag,42.857142857142854
Rajasthan Royals,Chennai Super Kings,1254069,R Tewatia,140.0
Rajasthan Royals,Chennai Super Kings,1254069,S Dube,95.45454545454545
Rajasthan Royals,Chennai Super Kings,1254069,SV Samson,20.0
Rajasthan Royals,Chennai Super Kings,1254089,Evin Lewis,225.0
Rajasthan Royals,Chennai Super Kings,1254089,Glenn Phillips,187.5
Rajasthan Royals,Chennai Super Kings,1254089,S Dube,160.46511627906978
Rajasthan Royals,Chennai Super Kings,1254089,SV Samson,120.83333333333333
Rajasthan Royals,Chennai Super Kings,1254089,Yashasvi Jaiswal,238.0952380952381
Rajasthan Royals,Delhi Capitals,1254064,CH Morris,200.0
Rajasthan Royals,Delhi Capitals,1254064,DA Miller,144.1860465116279
Rajasthan Royals,Delhi Capitals,1254064,JC Buttler,42.857142857142854
Rajasthan Royals,Delhi Capitals,1254064,JD Unadkat,157.14285714285714
Rajasthan Royals,Delhi Capitals,1254064,M Vohra,90.9090909090909
Rajasthan Royals,Delhi Capitals,1254064,R Parag,40.0
Rajasthan Royals,Delhi Capitals,1254064,R Tewatia,111.11111111111111
Rajasthan Royals,Delhi Capitals,1254064,S Dube,28.57142857142857
Rajasthan Royals,Delhi Capitals,1254064,SV Samson,133.33333333333331
Rajasthan Royals,Delhi Capitals,1254097,DA Miller,70.0
Rajasthan Royals,Delhi Capitals,1254097,Liam Livingstone,33.33333333333333
Rajasthan Royals,Delhi Capitals,1254097,MK Lomror,79.16666666666666
Rajasthan Royals,Delhi Capitals,1254097,R Parag,28.57142857142857
Rajasthan Royals,Delhi Capitals,1254097,R Tewatia,60.0
Rajasthan Royals,Delhi Capitals,1254097,SV Samson,138.1818181818182
Rajasthan Royals,Delhi Capitals,1254097,Tabraiz Shamsi,50.0
Rajasthan Royals,Delhi Capitals,1254097,Yashasvi Jaiswal,125.0
Rajasthan Royals,Kolkata Knight Riders,1254075,DA Miller,108.33333333333333
Rajasthan Royals,Kolkata Knight Riders,1254075,JC Buttler,100.0
Rajasthan Royals,Kolkata Knight Riders,1254075,R Tewatia,75.0
Rajasthan Royals,Kolkata Knight Riders,1254075,S Dube,121.05263157894737
Rajasthan Royals,Kolkata Knight Riders,1254075,SV Samson,119.04761904761905
Rajasthan Royals,Kolkata Knight Riders,1254075,Yashasvi Jaiswal,129.41176470588235
Rajasthan Royals,Mumbai Indians,1254081,DA Miller,175.0
Rajasthan Royals,Mumbai Indians,1254081,JC Buttler,134.375
Rajasthan Royals,Mumbai Indians,1254081,R Parag,150.0
Rajasthan Royals,Mumbai Indians,1254081,S Dube,119.35483870967742
Rajasthan Royals,Mumbai Indians,1254081,SV Samson,153.57142857142858
Rajasthan Royals,Mumbai Indians,1254081,Yashasvi Jaiswal,160.0
Rajasthan Royals,Punjab Kings,1254061,BA Stokes,0.0
Rajasthan Royals,Punjab Kings,1254061,CH Morris,50.0
Rajasthan Royals,Punjab Kings,1254061,JC Buttler,200.0
Rajasthan Royals,Punjab Kings,1254061,M Vohra,144.44444444444443
Rajasthan Royals,Punjab Kings,1254061,R Parag,216.66666666666666
Rajasthan Royals,Punjab Kings,1254061,R Tewatia,75.0
Rajasthan Royals,Punjab Kings,1254061,S Dube,153.33333333333334
Rajasthan Royals,Punjab Kings,1254061,SV Samson,193.75
Rajasthan Royals,Punjab Kings,1254111,CH Morris,100.0
Rajasthan Royals,Punjab Kings,1254111,Chetan Sakariya,116.66666666666667
Rajasthan Royals,Punjab Kings,1254111,Evin Lewis,176.19047619047618
Rajasthan Royals,Punjab Kings,1254111,K Tyagi,66.66666666666666
Rajasthan Royals,Punjab Kings,1254111,Liam Livingstone,164.70588235294116
Rajasthan Royals,Punjab Kings,1254111,MK Lomror,244.44444444444446
Rajasthan Royals,Punjab Kings,1254111,R Parag,80.0
Rajasthan Royals,Punjab Kings,1254111,R Tewatia,50.0
Rajasthan Royals,Punjab Kings,1254111,SV Samson,80.0
Rajasthan Royals,Punjab Kings,1254111,Yashasvi Jaiswal,141.66666666666669
Rajasthan Royals,Royal Challengers Bangalore,1254073,CH Morris,144.44444444444443
Rajasthan Royals,Royal Challengers Bangalore,1254073,Chetan Sakariya,0.0
Rajasthan Royals,Royal Challengers Bangalore,1254073,DA Miller,0.0
Rajasthan Royals,Royal Challengers Bangalore,1254073,JC Buttler,100.0
Rajasthan Royals,Royal Challengers Bangalore,1254073,M Vohra,77.77777777777779
Rajasthan Royals,Royal Challengers Bangalore,1254073,R Parag,156.25
Rajasthan Royals,Royal Challengers Bangalore,1254073,R Tewatia,182.6086956521739
Rajasthan Royals,Royal Challengers Bangalore,1254073,S Dube,165.625
Rajasthan Royals,Royal Challengers Bangalore,1254073,S Gopal,175.0
Rajasthan Royals,Royal Challengers Bangalore,1254073,SV Samson,122.22222222222223
Rajasthan Royals,Royal Challengers Bangalore,1254103,CH Morris,136.36363636363635
Rajasthan Royals,Royal Challengers Bangalore,1254103,Chetan Sakariya,100.0
Rajasthan Royals,Royal Challengers Bangalore,1254103,Evin Lewis,155.26315789473685
Rajasthan Royals,Royal Challengers Bangalore,1254103,K Tyagi,100.0
Rajasthan Royals,Royal Challengers Bangalore,1254103,Liam Livingstone,77.77777777777779
Rajasthan Royals,Royal Challengers Bangalore,1254103,MK Lomror,80.0
Rajasthan Royals,Royal Challengers Bangalore,1254103,R Parag,56.25
Rajasthan Royals,Royal Challengers Bangalore,1254103,R Tewatia,66.66666666666666
Rajasthan Royals,Royal Challengers Bangalore,1254103,SV Samson,126.66666666666666
Rajasthan Royals,Royal Challengers Bangalore,1254103,Yashasvi Jaiswal,140.9090909090909
Rajasthan Royals,Sunrisers Hyderabad,1254085,DA Miller,233.33333333333334
Rajasthan Royals,Sunrisers Hyderabad,1254085,JC Buttler,201.53846153846155
Rajasthan Royals,Sunrisers Hyderabad,1254085,R Parag,187.5
Rajasthan Royals,Sunrisers Hyderabad,1254085,SV Samson,150.0
Rajasthan Royals,Sunrisers Hyderabad,1254085,Yashasvi Jaiswal,123.07692307692308
Rajasthan Royals,Sunrisers Hyderabad,1254100,Evin Lewis,150.0
Rajasthan Royals,Sunrisers Hyderabad,1254100,Liam Livingstone,66.66666666666666
Rajasthan Royals,Sunrisers Hyderabad,1254100,MK Lomror,106.89655172413792
Rajasthan Royals,Sunrisers Hyderabad,1254100,R Parag,0.0
Rajasthan Royals,Sunrisers Hyderabad,1254100,R Tewatia,100.0
Rajasthan Royals,Sunrisers Hyderabad,1254100,SV Samson,148.27586206896552
Rajasthan Royals,Sunrisers Hyderabad,1254100,Yashasvi Jaiswal,156.52173913043478
Royal Challengers Bangalore,Chennai Super Kings,1254076,AB de Villiers,44.44444444444444
Royal Challengers Bangalore,Chennai Super Kings,1254076,Dan Christian,33.33333333333333
Royal Challengers Bangalore,Chennai Super Kings,1254076,Devdutt Padikkal,225.0
Royal Challengers Bangalore,Chennai Super Kings,1254076,GJ Maxwell,146.66666666666666
Royal Challengers Bangalore,Chennai Super Kings,1254076,HV Patel,12.5
Royal Challengers Bangalore,Chennai Super Kings,1254076,Kyle Jamieson,123.07692307692308
Royal Challengers Bangalore,Chennai Super Kings,1254076,M Siraj,85.71428571428571
Royal Challengers Bangalore,Chennai Super Kings,1254076,NA Saini,60.0
Royal Challengers Bangalore,Chennai Super Kings,1254076,V Kohli,125.0
Royal Challengers Bangalore,Chennai Super Kings,1254076,Washington Sundar,81.81818181818183
Royal Challengers Bangalore,Chennai Super Kings,1254076,YS Chahal,38.095238095238095
Royal Challengers Bangalore,Chennai Super Kings,1254113,AB de Villiers,118.18181818181819
Royal Challengers Bangalore,Chennai Super Kings,1254113,Devdutt Padikkal,143.13725490196077
Royal Challengers Bangalore,Chennai Super Kings,1254113,GJ Maxwell,122.22222222222223
Royal Challengers Bangalore,Chennai Super Kings,1254113,HV Patel,60.0
Royal Challengers Bangalore,Chennai Super Kings,1254113,Tim David,33.33333333333333
Royal Challengers Bangalore,Chennai Super Kings,1254113,V Kohli,131.70731707317074
Royal Challengers Bangalore,Chennai Super Kings,1254113,Wanindu Hasaranga de Silva,100.0
Royal Challengers Bangalore,Delhi Capitals,1254079,AB de Villiers,176.74418604651163
Royal Challengers Bangalore,Delhi Capitals,1254079,D Sams,150.0
Royal Challengers Bangalore,Delhi Capitals,1254079,Devdutt Padikkal,121.42857142857142
Royal Challengers Bangalore,Delhi Capitals,1254079,GJ Maxwell,125.0
Royal Challengers Bangalore,Delhi Capitals,1254079,Rajat Patidar,140.9090909090909
Royal Challengers Bangalore,Delhi Capitals,1254079,V Kohli,118.18181818181819
Royal Challengers Bangalore,Delhi Capitals,1254079,Washington Sundar,66.66666666666666
Royal Challengers Bangalore,Kolkata Knight Riders,1254067,AB de Villiers,229.41176470588235
Royal Challengers Bangalore,Kolkata Knight Riders,1254067,Devdutt Padikkal,96.42857142857143
Royal Challengers Bangalore,Kolkata Knight Riders,1254067,GJ Maxwell,162.0
Royal Challengers Bangalore,Kolkata Knight Riders,1254067,Kyle Jamieson,275.0
Royal Challengers Bangalore,Kolkata Knight Riders,1254067,Rajat Patidar,50.0
Royal Challengers Bangalore,Kolkata Knight Riders,1254067,V Kohli,120.0
Royal Challengers Bangalore,Kolkata Knight Riders,1254087,AB de Villiers,0.0
Royal Challengers Bangalore,Kolkata Knight Riders,1254087,Devdutt Padikkal,110.00000000000001
Royal Challengers Bangalore,Kolkata Knight Riders,1254087,GJ Maxwell,58.82352941176471
Royal Challengers Bangalore,Kolkata Knight Riders,1254087,HV Patel,120.0
Royal Challengers Bangalore,Kolkata Knight Riders,1254087,Kyle Jamieson,41.66666666666667
Royal Challengers Bangalore,Kolkata Knight Riders,1254087,M Siraj,80.0
Royal Challengers Bangalore,Kolkata Knight Riders,1254087,Sachin Baby,47.05882352941176
Royal Challengers Bangalore,Kolkata Knight Riders,1254087,Srikar Bharat,105.88235294117648
Royal Challengers Bangalore,Kolkata Knight Riders,1254087,V Kohli,120.0
Royal Challengers Bangalore,Kolkata Knight Riders,1254087,Wanindu Hasaranga de Silva,0.0
Royal Challengers Bangalore,Kolkata Knight Riders,1254087,YS Chahal,50.0
Royal Challengers Bangalore,Mumbai Indians,1254058,AB de Villiers,177.77777777777777
Royal Challengers Bangalore,Mumbai Indians,1254058,Dan Christian,33.33333333333333
Royal Challengers Bangalore,Mumbai Indians,1254058,GJ Maxwell,141.3793103448276
Royal Challengers Bangalore,Mumbai Indians,1254058,HV Patel,133.33333333333331
Royal Challengers Bangalore,Mumbai Indians,1254058,Kyle Jamieson,100.0
Royal Challengers Bangalore,Mumbai Indians,1254058,M Siraj,100.0
Royal Challengers Bangalore,Mumbai Indians,1254058,Rajat Patidar,112.5
Royal Challengers Bangalore,Mumbai Indians,1254058,S Ahmed,66.66666666666666
Royal Challengers Bangalore,Mumbai Indians,1254058,V Kohli,117.24137931034481
Royal Challengers Bangalore,Mumbai Indians,1254058,Washington Sundar,106.66666666666667
Royal Challengers Bangalore,Mumbai Indians,1254108,AB de Villiers,171.42857142857142
Royal Challengers Bangalore,Mumbai Indians,1254108,Dan Christian,33.33333333333333
Royal Challengers Bangalore,Mumbai Indians,1254108,Devdutt Padikkal,0.0
Royal Challengers Bangalore,Mumbai Indians,1254108,GJ Maxwell,162.16216216216216
Royal Challengers Bangalore,Mumbai Indians,1254108,Kyle Jamieson,100.0
Royal Challengers Bangalore,Mumbai Indians,1254108,S Ahmed,33.33333333333333
Royal Challengers Bangalore,Mumbai Indians,1254108,Srikar Bharat,136.0
Royal Challengers Bangalore,Mumbai Indians,1254108,V Kohli,127.90697674418605
Royal Challengers Bangalore,Punjab Kings,1254083,AB de Villiers,33.33333333333333
Royal Challengers Bangalore,Punjab Kings,1254083,D Sams,75.0
Royal Challengers Bangalore,Punjab Kings,1254083,Devdutt Padikkal,116.66666666666667
Royal Challengers Bangalore,Punjab Kings,1254083,GJ Maxwell,0.0
Royal Challengers Bangalore,Punjab Kings,1254083,HV Patel,238.46153846153845
Royal Challengers Bangalore,Punjab Kings,1254083,Kyle Jamieson,163.63636363636365
Royal Challengers Bangalore,Punjab Kings,1254083,M Siraj,0.0
Royal Challengers Bangalore,Punjab Kings,1254083,Rajat Patidar,115.625
Royal Challengers Bangalore,Punjab Kings,1254083,S Ahmed,81.81818181818183
Royal Challengers Bangalore,Punjab Kings,1254083,V Kohli,108.8235294117647
Royal Challengers Bangalore,Punjab Kings,1254090,AB de Villiers,133.33333333333331
Royal Challengers Bangalore,Punjab Kings,1254090,Dan Christian,0.0
Royal Challengers Bangalore,Punjab Kings,1254090,Devdutt Padikkal,113.1578947368421
Royal Challengers Bangalore,Punjab Kings,1254090,GJ Maxwell,184.84848484848484
Royal Challengers Bangalore,Punjab Kings,1254090,George Garton,0.0
Royal Challengers Bangalore,Punjab Kings,1254090,HV Patel,100.0
Royal Challengers Bangalore,Punjab Kings,1254090,S Ahmed,200.0
Royal Challengers Bangalore,Punjab Kings,1254090,V Kohli,108.0
Royal Challengers Bangalore,Rajasthan Royals,1254073,Devdutt Padikkal,201.85185185185185
Royal Challengers Bangalore,Rajasthan Royals,1254073,V Kohli,153.19148936170214
Royal Challengers Bangalore,Rajasthan Royals,1254103,AB de Villiers,400.0
Royal Challengers Bangalore,Rajasthan Royals,1254103,Devdutt Padikkal,147.36842105263156
Royal Challengers Bangalore,Rajasthan Royals,1254103,GJ Maxwell,167.74193548387098
Royal Challengers Bangalore,Rajasthan Royals,1254103,Srikar Bharat,125.71428571428571
Royal Challengers Bangalore,Rajasthan Royals,1254103,V Kohli,125.0
Royal Challengers Bangalore,Sunrisers Hyderabad,1254063,AB de Villiers,20.0
Royal Challengers Bangalore,Sunrisers Hyderabad,1254063,Dan Christian,50.0
Royal Challengers Bangalore,Sunrisers Hyderabad,1254063,Devdutt Padikkal,100.0
Royal Challengers Bangalore,Sunrisers Hyderabad,1254063,GJ Maxwell,152.38095238095238
Royal Challengers Bangalore,Sunrisers Hyderabad,1254063,Kyle Jamieson,144.44444444444443
Royal Challengers Bangalore,Sunrisers Hyderabad,1254063,S Ahmed,150.0
Royal Challengers Bangalore,Sunrisers Hyderabad,1254063,V Kohli,117.24137931034481
Royal Challengers Bangalore,Sunrisers Hyderabad,1254063,Washington Sundar,72.72727272727273
Sunrisers Hyderabad,Chennai Super Kings,1254080,DA Warner,107.01754385964912
Sunrisers Hyderabad,Chennai Super Kings,1254080,JM Bairstow,133.33333333333331
Sunrisers Hyderabad,Chennai Super Kings,1254080,KM Jadhav,300.0
Sunrisers Hyderabad,Chennai Super Kings,1254080,KS Williamson,260.0
Sunrisers Hyderabad,Chennai Super Kings,1254080,MK Pandey,139.1304347826087
Sunrisers Hyderabad,Chennai Super Kings,1254091,A Samad,128.57142857142858
Sunrisers Hyderabad,Chennai Super Kings,1254091,Abhishek Sharma,146.15384615384613
Sunrisers Hyderabad,Chennai Super Kings,1254091,JO Holder,100.0
Sunrisers Hyderabad,Chennai Super Kings,1254091,Jason Roy,85.71428571428571
Sunrisers Hyderabad,Chennai Super Kings,1254091,KS Williamson,109.09090909090908
Sunrisers Hyderabad,Chennai Super Kings,1254091,P Garg,72.72727272727273
Sunrisers Hyderabad,Chennai Super Kings,1254091,P Kumar,100.0
Sunrisers Hyderabad,Chennai Super Kings,1254091,Rashid Khan,138.46153846153845
Sunrisers Hyderabad,Chennai Super Kings,1254091,WP Saha,102.22222222222221
Sunrisers Hyderabad,Delhi Capitals,1254077,Abhishek Sharma,100.0
Sunrisers Hyderabad,Delhi Capitals,1254077,DA Warner,75.0
Sunrisers Hyderabad,Delhi Capitals,1254077,J Suchith,266.66666666666663
Sunrisers Hyderabad,Delhi Capitals,1254077,JM Bairstow,211.11111111111111
Sunrisers Hyderabad,Delhi Capitals,1254077,KM Jadhav,100.0
Sunrisers Hyderabad,Delhi Capitals,1254077,KS Williamson,132.0754716981132
Sunrisers Hyderabad,Delhi Capitals,1254077,Rashid Khan,0.0
Sunrisers Hyderabad,Delhi Capitals,1254077,V Pratap Singh,35.714285714285715
Sunrisers Hyderabad,Delhi Capitals,1254077,V Shankar,114.28571428571428
Sunrisers Hyderabad,Delhi Capitals,1254105,A Samad,133.33333333333331
Sunrisers Hyderabad,Delhi Capitals,1254105,DA Warner,0.0
Sunrisers Hyderabad,Delhi Capitals,1254105,JO Holder,122.22222222222223
Sunrisers Hyderabad,Delhi Capitals,1254105,KM Jadhav,37.5
Sunrisers Hyderabad,Delhi Capitals,1254105,KS Williamson,100.0
Sunrisers Hyderabad,Delhi Capitals,1254105,MK Pandey,106.25
Sunrisers Hyderabad,Delhi Capitals,1254105,P Kumar,175.0
Sunrisers Hyderabad,Delhi Capitals,1254105,Rashid Khan,127.77777777777777
Sunrisers Hyderabad,Delhi Capitals,1254105,Sandeep Sharma,100.0
Sunrisers Hyderabad,Delhi Capitals,1254105,WP Saha,111.76470588235294
Sunrisers Hyderabad,Kolkata Knight Riders,1254060,A Samad,237.5
Sunrisers Hyderabad,Kolkata Knight Riders,1254060,DA Warner,75.0
Sunrisers Hyderabad,Kolkata Knight Riders,1254060,JM Bairstow,136.58536585365854
Sunrisers Hyderabad,Kolkata Knight Riders,1254060,M Nabi,154.54545454545453
Sunrisers Hyderabad,Kolkata Knight Riders,1254060,MK Pandey,136.95652173913044
Sunrisers Hyderabad,Kolkata Knight Riders,1254060,V Shankar,171.42857142857142
Sunrisers Hyderabad,Kolkata Knight Riders,1254060,WP Saha,116.66666666666667
Sunrisers Hyderabad,Kolkata Knight Riders,1254109,A Samad,138.88888888888889
Sunrisers Hyderabad,Kolkata Knight Riders,1254109,Abhishek Sharma,60.0
Sunrisers Hyderabad,Kolkata Knight Riders,1254109,JO Holder,44.44444444444444
Sunrisers Hyderabad,Kolkata Knight Riders,1254109,Jason Roy,91.66666666666666
Sunrisers Hyderabad,Kolkata Knight Riders,1254109,KS Williamson,123.80952380952381
Sunrisers Hyderabad,Kolkata Knight Riders,1254109,P Garg,67.74193548387096
Sunrisers Hyderabad,Kolkata Knight Riders,1254109,P Kumar,100.0
Sunrisers Hyderabad,Kolkata Knight Riders,1254109,Rashid Khan,133.33333333333331
Sunrisers Hyderabad,Kolkata Knight Riders,1254109,S Kaul,140.0
Sunrisers Hyderabad,Kolkata Knight Riders,1254109,WP Saha,0.0
Sunrisers Hyderabad,Mumbai Indians,1254066,A Samad,87.5
Sunrisers Hyderabad,Mumbai Indians,1254066,Abhishek Sharma,50.0
Sunrisers Hyderabad,Mumbai Indians,1254066,DA Warner,111.76470588235294
Sunrisers Hyderabad,Mumbai Indians,1254066,JM Bairstow,200.0
Sunrisers Hyderabad,Mumbai Indians,1254066,KK Ahmed,50.0
Sunrisers Hyderabad,Mumbai Indians,1254066,MK Pandey,28.57142857142857
Sunrisers Hyderabad,Mumbai Indians,1254066,Mujeeb Ur Rahman,100.0
Sunrisers Hyderabad,Mumbai Indians,1254066,P Kumar,50.0
Sunrisers Hyderabad,Mumbai Indians,1254066,Rashid Khan,0.0
Sunrisers Hyderabad,Mumbai Indians,1254066,V Pratap Singh,91.66666666666666
Sunrisers Hyderabad,Mumbai Indians,1254066,V Shankar,120.0
Sunrisers Hyderabad,Punjab Kings,1254071,DA Warner,105.26315789473684
Sunrisers Hyderabad,Punjab Kings,1254071,JM Bairstow,112.28070175438596
Sunrisers Hyderabad,Punjab Kings,1254071,KS Williamson,85.0
Sunrisers Hyderabad,Punjab Kings,1254107,A Samad,50.0
Sunrisers Hyderabad,Punjab Kings,1254107,DA Warner,66.66666666666666
Sunrisers Hyderabad,Punjab Kings,1254107,JO Holder,165.51724137931035
Sunrisers Hyderabad,Punjab Kings,1254107,KM Jadhav,100.0
Sunrisers Hyderabad,Punjab Kings,1254107,KS Williamson,16.666666666666664
Sunrisers Hyderabad,Punjab Kings,1254107,MK Pandey,56.52173913043478
Sunrisers Hyderabad,Punjab Kings,1254107,P Kumar,100.0
Sunrisers Hyderabad,Punjab Kings,1254107,Rashid Khan,75.0
Sunrisers Hyderabad,Punjab Kings,1254107,WP Saha,94.73684210526315
Sunrisers Hyderabad,Rajasthan Royals,1254085,A Samad,133.33333333333331
Sunrisers Hyderabad,Rajasthan Royals,1254085,JM Bairstow,142.85714285714286
Sunrisers Hyderabad,Rajasthan Royals,1254085,KM Jadhav,105.0
Sunrisers Hyderabad,Rajasthan Royals,1254085,KS Williamson,95.45454545454545
Sunrisers Hyderabad,Rajasthan Royals,1254085,M Nabi,340.0
Sunrisers Hyderabad,Rajasthan Royals,1254085,MK Pandey,165.0
Sunrisers Hyderabad,Rajasthan Royals,1254085,P Kumar,140.0
Sunrisers Hyderabad,Rajasthan Royals,1254085,Rashid Khan,33.33333333333333
Sunrisers Hyderabad,Rajasthan Royals,1254085,Sandeep Sharma,133.33333333333331
Sunrisers Hyderabad,Rajasthan Royals,1254085,V Shankar,100.0
Sunrisers Hyderabad,Rajasthan Royals,1254100,Abhishek Sharma,141.1764705882353
Sunrisers Hyderabad,Rajasthan Royals,1254100,Jason Roy,166.66666666666669
Sunrisers Hyderabad,Rajasthan Royals,1254100,KS Williamson,125.5813953488372
Sunrisers Hyderabad,Rajasthan Royals,1254100,P Garg,0.0
Sunrisers Hyderabad,Rajasthan Royals,1254100,WP Saha,158.33333333333331
Sunrisers Hyderabad,Royal Challengers Bangalore,1254063,A Samad,0.0
Sunrisers Hyderabad,Royal Challengers Bangalore,1254063,DA Warner,143.5897435897436
Sunrisers Hyderabad,Royal Challengers Bangalore,1254063,JM Bairstow,107.6923076923077
Sunrisers Hyderabad,Royal Challengers Bangalore,1254063,JO Holder,100.0
Sunrisers Hyderabad,Royal Challengers Bangalore,1254063,MK Pandey,102.56410256410255
Sunrisers Hyderabad,Royal Challengers Bangalore,1254063,P Kumar,100.0
Sunrisers Hyderabad,Royal Challengers Bangalore,1254063,Rashid Khan,225.0
Sunrisers Hyderabad,Royal Challengers Bangalore,1254063,S Nadeem,0.0
Sunrisers Hyderabad,Royal Challengers Bangalore,1254063,V Shankar,60.0
Sunrisers Hyderabad,Royal Challengers Bangalore,1254063,WP Saha,55.55555555555556
